shot_id,shot_made_flag,shot_made_flag
1,,0.4229635
8,,0.46139142
17,,0.5022588
20,,0.57863384
33,,0.40443438
34,,0.42602795
35,,0.5939032
36,,0.56199425
37,,0.5946982
38,,0.43666542
45,,0.5251346
50,,0.3843286
55,,0.3308683
60,,0.28734186
66,,0.43064335
67,,0.40821558
71,,0.42474368
80,,0.4107118
85,,0.4393949
86,,0.43722072
95,,0.42726368
104,,0.43707463
113,,0.3794444
123,,0.3891074
126,,0.44163874
133,,0.5863482
141,,0.39395535
144,,0.39242515
150,,0.5710609
152,,0.43587115
153,,0.5781607
156,,0.34688318
159,,0.8597454
165,,0.88877976
172,,0.41794348
182,,0.8449439
192,,0.41009003
193,,0.5689586
196,,0.3983691
202,,0.40096793
210,,0.35268936
211,,0.38913152
228,,0.86443466
257,,0.43309033
260,,0.4203427
264,,0.41979495
267,,0.3731053
279,,0.85906416
282,,0.41957772
293,,0.45399868
299,,0.43886638
300,,0.4151105
301,,0.42412797
317,,0.36658928
327,,0.36445266
328,,0.40699002
335,,0.5824908
346,,0.42530918
348,,0.43308455
365,,0.41520774
390,,0.5662893
391,,0.5459719
392,,0.4307814
397,,0.32948077
418,,0.4011295
428,,0.32351685
434,,0.4338309
439,,0.62624216
440,,0.3994232
456,,0.4320033
459,,0.44437286
472,,0.42693195
480,,0.409261
491,,0.35417315
497,,0.43912175
509,,0.3857362
511,,0.3597196
523,,0.3633561
533,,0.42657062
544,,0.5696665
546,,0.38302067
555,,0.5547088
558,,0.38293833
560,,0.41693488
573,,0.4206617
591,,0.40050885
596,,0.43216354
597,,0.40005228
601,,0.43090782
605,,0.45189178
617,,0.41450873
628,,0.36247736
634,,0.39748842
646,,0.41667345
649,,0.41299674
651,,0.54275686
654,,0.88950354
656,,0.5697669
657,,0.47353992
669,,0.37065274
670,,0.8845421
693,,0.42961574
694,,0.44070056
699,,0.4439927
711,,0.40080246
718,,0.4142659
722,,0.40942344
723,,0.37097386
725,,0.45641568
734,,0.39975855
735,,0.5765303
737,,0.42179295
746,,0.4065224
747,,0.4026155
766,,0.35194892
767,,0.41860425
771,,0.38962466
773,,0.42324364
774,,0.4269847
783,,0.44088882
784,,0.39798763
789,,0.40694228
792,,0.37710437
804,,0.35016194
809,,0.40086082
812,,0.3899403
813,,0.38446015
817,,0.4511952
820,,0.3932217
825,,0.36836073
826,,0.3861045
829,,0.38969734
855,,0.3905234
859,,0.53508335
862,,0.34579718
870,,0.39302546
876,,0.41860968
880,,0.40187532
886,,0.90532094
889,,0.4555311
891,,0.5868466
897,,0.90808535
902,,0.38785174
903,,0.44741032
908,,0.35707393
909,,0.40804774
920,,0.3188165
922,,0.42244786
924,,0.39952174
932,,0.3628871
934,,0.3558909
937,,0.33528742
941,,0.41587836
943,,0.4084423
950,,0.4187185
952,,0.40065888
954,,0.8858055
963,,0.38235706
975,,0.3913853
979,,0.41306898
981,,0.45910093
983,,0.2789051
985,,0.55935735
989,,0.5427573
995,,0.42782322
998,,0.55473524
1008,,0.42051086
1019,,0.5409636
1023,,0.414585
1026,,0.3995906
1029,,0.4094675
1034,,0.38921148
1036,,0.4217604
1038,,0.36962667
1039,,0.37613648
1051,,0.41737574
1052,,0.3774489
1066,,0.39720142
1087,,0.42789727
1092,,0.34383377
1094,,0.42103332
1098,,0.43762866
1099,,0.38219184
1102,,0.3501327
1118,,0.41602853
1131,,0.44826332
1133,,0.5853174
1135,,0.8972656
1138,,0.5778338
1139,,0.89856815
1142,,0.38738963
1151,,0.42286998
1152,,0.40676898
1155,,0.49115494
1165,,0.39227092
1167,,0.683929
1172,,0.5315637
1174,,0.39852014
1180,,0.5853174
1200,,0.4003678
1202,,0.40551364
1227,,0.41526824
1228,,0.5589591
1229,,0.40505093
1237,,0.63392377
1241,,0.45152992
1256,,0.40713066
1279,,0.43474266
1293,,0.49879432
1295,,0.39829457
1319,,0.57997596
1320,,0.4212938
1321,,0.44473216
1322,,0.41803816
1334,,0.25179294
1351,,0.5649918
1373,,0.37574977
1375,,0.40472668
1380,,0.56741524
1382,,0.44603136
1385,,0.4046499
1399,,0.46899733
1403,,0.86778665
1428,,0.39612845
1434,,0.29915884
1444,,0.9125708
1448,,0.368532
1466,,0.41722685
1476,,0.40281573
1478,,0.4289948
1485,,0.3929925
1491,,0.54037434
1494,,0.40182889
1500,,0.5781607
1501,,0.40885165
1503,,0.4379493
1519,,0.6206935
1524,,0.4833982
1529,,0.42840362
1533,,0.57378286
1538,,0.9146899
1539,,0.39435259
1546,,0.57596093
1555,,0.3919889
1559,,0.41930923
1563,,0.45868585
1565,,0.5760947
1574,,0.3806651
1591,,0.3874934
1594,,0.4357867
1605,,0.3757671
1611,,0.43697578
1614,,0.3910813
1620,,0.40305966
1626,,0.4220855
1630,,0.41727442
1632,,0.38174686
1634,,0.42155284
1643,,0.3875687
1651,,0.4263002
1655,,0.42201838
1658,,0.42698112
1659,,0.41345397
1665,,0.40558133
1675,,0.44914588
1680,,0.898719
1690,,0.41355532
1696,,0.4385598
1714,,0.42369914
1721,,0.4043865
1726,,0.43016768
1728,,0.4109293
1734,,0.41494888
1735,,0.40950775
1740,,0.47194323
1744,,0.44123
1747,,0.36024287
1752,,0.4150538
1763,,0.5449137
1765,,0.5614374
1769,,0.41731694
1785,,0.4186597
1787,,0.4084144
1788,,0.58798283
1793,,0.3936806
1800,,0.40694237
1825,,0.43523943
1826,,0.5778338
1834,,0.37127665
1843,,0.36157033
1844,,0.3552124
1848,,0.40545353
1849,,0.5974492
1860,,0.5771393
1863,,0.5850281
1875,,0.3870141
1883,,0.40649444
1890,,0.39930344
1892,,0.41176307
1893,,0.42510918
1897,,0.4545427
1905,,0.42577764
1908,,0.42530748
1931,,0.4358778
1940,,0.8562574
1943,,0.40751737
1947,,0.2643172
1965,,0.43227386
1967,,0.42240658
1968,,0.4140458
1972,,0.62978804
1982,,0.3829548
1985,,0.43194896
2005,,0.4257951
2010,,0.43143764
2021,,0.41952026
2024,,0.41920125
2036,,0.41185328
2043,,0.43844405
2047,,0.3934998
2049,,0.4136835
2055,,0.39256915
2065,,0.42582187
2066,,0.43494412
2070,,0.45151517
2077,,0.84786093
2085,,0.43317384
2095,,0.41109464
2097,,0.53027964
2108,,0.56989187
2112,,0.5282021
2113,,0.5365845
2122,,0.32162127
2139,,0.41038084
2144,,0.37563974
2146,,0.43460706
2148,,0.28042862
2149,,0.57981956
2157,,0.3757559
2159,,0.38505712
2168,,0.42242983
2176,,0.5353886
2178,,0.55345255
2181,,0.4063172
2187,,0.43471813
2188,,0.42055598
2190,,0.42489484
2194,,0.5778338
2197,,0.44088975
2214,,0.2662624
2217,,0.25902465
2222,,0.45081636
2223,,0.42429006
2226,,0.42922366
2230,,0.57493544
2240,,0.35466945
2247,,0.35413745
2250,,0.44741032
2259,,0.41361284
2262,,0.43996516
2266,,0.36359817
2305,,0.40375796
2310,,0.325981
2313,,0.5808392
2319,,0.40374565
2320,,0.41808167
2345,,0.42094192
2350,,0.5810178
2356,,0.405883
2360,,0.42999026
2370,,0.39213812
2386,,0.37919733
2398,,0.3371733
2414,,0.5409636
2435,,0.5713615
2439,,0.40482187
2446,,0.577543
2458,,0.40164962
2465,,0.40096793
2466,,0.41640145
2470,,0.3845247
2495,,0.5259422
2501,,0.39638558
2507,,0.43710217
2533,,0.1794162
2537,,0.40951258
2538,,0.39265046
2541,,0.40991744
2542,,0.5808392
2544,,0.45167297
2554,,0.42014712
2555,,0.4037017
2565,,0.40105072
2575,,0.51630855
2586,,0.58709013
2588,,0.40351745
2594,,0.57997596
2617,,0.55640763
2618,,0.44514453
2623,,0.84678835
2631,,0.5808392
2640,,0.42599872
2642,,0.5674557
2647,,0.433628
2663,,0.40339893
2664,,0.4479151
2676,,0.41573757
2680,,0.7615055
2681,,0.4013374
2691,,0.40028775
2693,,0.40945488
2695,,0.58798283
2704,,0.36055863
2708,,0.38411367
2709,,0.89988625
2717,,0.58063835
2722,,0.42531127
2728,,0.3765901
2732,,0.55473524
2743,,0.5707148
2752,,0.45209137
2757,,0.5409636
2761,,0.58131653
2769,,0.44119006
2771,,0.54469204
2774,,0.40127128
2776,,0.40119037
2781,,0.4249152
2793,,0.43313837
2799,,0.34219852
2803,,0.4223047
2811,,0.41865116
2818,,0.41138142
2824,,0.5884795
2828,,0.5728757
2829,,0.43016768
2830,,0.4169925
2842,,0.5013268
2847,,0.5853174
2848,,0.40041602
2868,,0.3839619
2870,,0.3664649
2885,,0.32887667
2886,,0.4307442
2889,,0.4378005
2903,,0.43227655
2904,,0.56085354
2918,,0.40003097
2919,,0.40232152
2922,,0.42971388
2923,,0.45160627
2931,,0.3724858
2945,,0.4300342
2955,,0.41245544
2957,,0.5824908
2960,,0.5853174
2963,,0.43743205
2966,,0.9073817
2972,,0.43048438
2974,,0.44848186
2982,,0.4194721
2984,,0.40911314
3016,,0.58979744
3021,,0.39642093
3023,,0.89745396
3025,,0.44072962
3029,,0.4072544
3034,,0.5403858
3038,,0.40673923
3040,,0.4343615
3051,,0.42872298
3062,,0.39276826
3069,,0.41145623
3071,,0.42452675
3076,,0.91315895
3079,,0.4439228
3081,,0.45639363
3082,,0.4155921
3084,,0.4192357
3098,,0.3670673
3104,,0.34610295
3105,,0.39706272
3114,,0.58017915
3118,,0.4212012
3122,,0.42028522
3132,,0.4108754
3138,,0.50672174
3141,,0.5890969
3156,,0.5759108
3162,,0.56366646
3167,,0.3661681
3170,,0.395421
3171,,0.29225525
3172,,0.37171143
3176,,0.8846432
3180,,0.40429014
3189,,0.43668368
3198,,0.4149996
3206,,0.4491153
3215,,0.5483473
3222,,0.57331216
3228,,0.42741215
3229,,0.39485198
3232,,0.35240898
3233,,0.41421232
3238,,0.41095775
3256,,0.5476671
3264,,0.35255447
3273,,0.42042285
3275,,0.42651567
3285,,0.63180006
3289,,0.37104297
3294,,0.34993243
3306,,0.3903304
3311,,0.6053679
3318,,0.42337474
3322,,0.3838135
3324,,0.4089921
3334,,0.34227586
3341,,0.4205818
3345,,0.43396583
3346,,0.9169229
3352,,0.43089834
3368,,0.38739
3371,,0.24393204
3372,,0.4175364
3375,,0.4299397
3384,,0.3673164
3387,,0.41966975
3393,,0.40730318
3406,,0.41660127
3411,,0.4199398
3412,,0.5193164
3414,,0.3809393
3417,,0.5309157
3420,,0.57720006
3423,,0.5783862
3436,,0.4452535
3438,,0.5735192
3442,,0.35664502
3443,,0.4102283
3451,,0.44745857
3461,,0.43550548
3489,,0.31493315
3491,,0.36622432
3510,,0.4444723
3515,,0.37770697
3527,,0.437368
3530,,0.5815106
3540,,0.27887475
3582,,0.34467322
3604,,0.5607699
3605,,0.38146827
3609,,0.45550928
3624,,0.3185057
3628,,0.5744782
3630,,0.38937747
3641,,0.39907107
3642,,0.39401427
3648,,0.33615664
3650,,0.90510213
3652,,0.8993679
3660,,0.41225314
3664,,0.4263524
3670,,0.45193967
3672,,0.42778793
3680,,0.5609078
3682,,0.9305869
3685,,0.448946
3686,,0.3885217
3689,,0.4186026
3705,,0.4048399
3712,,0.38568002
3713,,0.3803361
3719,,0.41033015
3721,,0.36223975
3723,,0.32465598
3724,,0.36880553
3727,,0.31152463
3733,,0.41128227
3734,,0.4355692
3742,,0.3786193
3770,,0.3003275
3777,,0.30287406
3778,,0.3501673
3780,,0.42134288
3783,,0.46221405
3784,,0.37652665
3788,,0.39925748
3790,,0.37218562
3794,,0.38093197
3795,,0.42587924
3796,,0.4008081
3801,,0.35655516
3806,,0.43923792
3813,,0.4435477
3814,,0.4392696
3818,,0.3384079
3824,,0.42056364
3836,,0.47758904
3853,,0.4871819
3855,,0.4095464
3858,,0.5856431
3861,,0.55559343
3866,,0.4646629
3870,,0.4096968
3874,,0.9056718
3876,,0.31189415
3878,,0.4345684
3890,,0.3916644
3900,,0.9091162
3904,,0.35726112
3906,,0.37146017
3907,,0.3396487
3908,,0.3571679
3912,,0.54492784
3918,,0.90792847
3923,,0.9195851
3924,,0.38970333
3925,,0.5136496
3927,,0.45344064
3955,,0.9275178
3964,,0.5549986
3969,,0.5317534
3974,,0.52471447
3976,,0.5619497
3984,,0.40023315
3991,,0.39215538
3993,,0.9233482
4009,,0.4115381
4011,,0.4157386
4020,,0.48441842
4033,,0.34252918
4041,,0.42801812
4045,,0.9322561
4052,,0.5593834
4055,,0.37567407
4056,,0.40193224
4057,,0.40153435
4067,,0.9264419
4069,,0.42944637
4077,,0.43001753
4094,,0.36736694
4095,,0.3738856
4100,,0.48054308
4119,,0.4136835
4130,,0.53258306
4131,,0.39910537
4132,,0.40317008
4134,,0.5157553
4137,,0.82427186
4138,,0.41236672
4143,,0.416544
4145,,0.5386267
4148,,0.43531576
4163,,0.27287474
4166,,0.40081468
4169,,0.56372476
4170,,0.4122512
4174,,0.56428033
4180,,0.39965385
4199,,0.9202059
4201,,0.4139661
4203,,0.39753106
4210,,0.048922855
4211,,0.42474878
4213,,0.91346294
4225,,0.39770398
4235,,0.38300893
4242,,0.4125245
4245,,0.36557174
4250,,0.42899546
4252,,0.42044127
4254,,0.5658583
4263,,0.5584911
4264,,0.5557156
4268,,0.29858977
4270,,0.41829997
4282,,0.5732552
4283,,0.4763402
4291,,0.4010132
4304,,0.4218486
4306,,0.36616594
4309,,0.35311252
4310,,0.40638503
4313,,0.42084274
4314,,0.4133594
4315,,0.38876155
4321,,0.36339122
4324,,0.34046593
4325,,0.39205122
4328,,0.3786882
4329,,0.29492947
4332,,0.4050042
4337,,0.38635737
4342,,0.4176528
4344,,0.41929582
4352,,0.40740612
4355,,0.3536286
4366,,0.36319363
4371,,0.466954
4372,,0.3520438
4376,,0.41070518
4384,,0.40330458
4387,,0.40597746
4389,,0.40620658
4390,,0.42248157
4406,,0.32870886
4407,,0.5777853
4409,,0.9159382
4410,,0.58418316
4424,,0.40643513
4434,,0.4007495
4452,,0.3362352
4460,,0.36541924
4470,,0.56318855
4480,,0.38717258
4496,,0.8929487
4503,,0.43998483
4512,,0.39552158
4518,,0.56656647
4519,,0.3685474
4522,,0.4187603
4525,,0.39308956
4537,,0.46304467
4546,,0.43333167
4547,,0.9142067
4553,,0.3870201
4556,,0.37204853
4558,,0.41251996
4563,,0.28727007
4568,,0.40335625
4574,,0.5422905
4578,,0.41712224
4587,,0.40011784
4592,,0.38648295
4610,,0.39182237
4615,,0.3734098
4619,,0.3835331
4620,,0.39686722
4625,,0.41417754
4635,,0.39513186
4636,,0.4004625
4641,,0.3887788
4650,,0.36992753
4653,,0.89720714
4665,,0.4314446
4668,,0.926943
4669,,0.30366564
4670,,0.44058138
4674,,0.40195915
4675,,0.4034256
4676,,0.4917229
4679,,0.4217302
4680,,0.9184312
4686,,0.42823932
4699,,0.43630755
4713,,0.5674236
4718,,0.39380586
4721,,0.41113868
4722,,0.38225573
4724,,0.39409342
4730,,0.83757097
4731,,0.4293115
4735,,0.37775424
4743,,0.32539326
4745,,0.41289535
4746,,0.417617
4747,,0.37099028
4748,,0.4356594
4769,,0.4012692
4771,,0.3810986
4774,,0.4381761
4784,,0.3994426
4797,,0.41040775
4801,,0.3960297
4804,,0.19621539
4820,,0.43993413
4833,,0.37548718
4834,,0.3506277
4851,,0.40757012
4859,,0.28862736
4860,,0.92680883
4863,,0.3822599
4873,,0.38666183
4881,,0.41776082
4892,,0.35021704
4908,,0.594278
4911,,0.39392316
4915,,0.37315354
4922,,0.38848767
4929,,0.57615566
4936,,0.32452112
4939,,0.42508277
4951,,0.39797577
4956,,0.3576692
4961,,0.39896736
4964,,0.39828867
4981,,0.4145304
4991,,0.912194
4992,,0.41727102
4997,,0.4200011
5004,,0.40940505
5010,,0.42738742
5012,,0.4121455
5015,,0.26655388
5020,,0.39569077
5030,,0.41289115
5051,,0.8984354
5052,,0.60528034
5057,,0.51726127
5058,,0.57789195
5060,,0.41769046
5061,,0.37490717
5064,,0.58428687
5078,,0.54585487
5080,,0.546266
5088,,0.3756393
5089,,0.54795575
5090,,0.39563692
5103,,0.884916
5108,,0.39796135
5114,,0.38005164
5115,,0.3987389
5124,,0.44210228
5137,,0.59249336
5139,,0.3592277
5144,,0.4075671
5149,,0.56697756
5157,,0.40768626
5163,,0.41196808
5174,,0.41286078
5176,,0.56377304
5179,,0.41611388
5186,,0.5736388
5203,,0.42926398
5204,,0.53754336
5206,,0.28795496
5207,,0.37365448
5220,,0.40032047
5221,,0.5645759
5224,,0.35704896
5227,,0.40739518
5229,,0.34583575
5232,,0.9138523
5240,,0.5650151
5242,,0.37306482
5243,,0.41227844
5245,,0.46797234
5248,,0.55750966
5249,,0.427872
5254,,0.38951907
5269,,0.40182438
5272,,0.37993735
5276,,0.39478454
5286,,0.57789195
5290,,0.42796993
5308,,0.51490337
5316,,0.38793153
5318,,0.57001615
5319,,0.35276455
5320,,0.51338255
5322,,0.30363262
5324,,0.371742
5331,,0.45944306
5336,,0.8842804
5344,,0.5453833
5354,,0.3652053
5356,,0.06218879
5358,,0.39768505
5361,,0.4335138
5365,,0.5794274
5370,,0.45852512
5376,,0.35545388
5383,,0.35578
5384,,0.4012358
5385,,0.40263385
5393,,0.59614664
5397,,0.31762767
5398,,0.4052824
5402,,0.3887736
5407,,0.57692105
5409,,0.3960591
5425,,0.55286235
5428,,0.5077075
5430,,0.42282885
5442,,0.3971888
5447,,0.56984496
5470,,0.40189946
5485,,0.3518513
5493,,0.41778865
5502,,0.42478955
5504,,0.36009553
5517,,0.41598096
5522,,0.40880388
5527,,0.5773579
5528,,0.4334745
5536,,0.39702824
5545,,0.42191148
5576,,0.41201657
5577,,0.43307933
5592,,0.42052385
5594,,0.3556382
5595,,0.36066222
5596,,0.34515762
5599,,0.43789083
5606,,0.5723633
5617,,0.37320948
5625,,0.41675526
5626,,0.4188829
5627,,0.5823384
5642,,0.53082067
5659,,0.89601576
5664,,0.5835583
5666,,0.42324212
5671,,0.4357485
5674,,0.37827787
5677,,0.42367855
5681,,0.32557383
5683,,0.04870577
5700,,0.5575421
5713,,0.57611346
5715,,0.5592252
5718,,0.36890602
5726,,0.38490218
5738,,0.36811888
5741,,0.41610333
5743,,0.40053377
5753,,0.5441052
5761,,0.3614743
5789,,0.47546312
5797,,0.36937115
5803,,0.4020783
5810,,0.581586
5813,,0.40588945
5817,,0.36877382
5818,,0.5104647
5822,,0.43315804
5829,,0.5299493
5846,,0.35133982
5847,,0.38748628
5854,,0.38217387
5858,,0.5483526
5863,,0.3524911
5869,,0.43446043
5870,,0.44702327
5876,,0.31068835
5881,,0.3989439
5901,,0.38630748
5922,,0.30324093
5928,,0.5848411
5933,,0.54132783
5934,,0.5694078
5946,,0.40475792
5951,,0.42164472
5955,,0.33067176
5956,,0.88853705
5965,,0.3426799
5972,,0.4032171
5981,,0.4457257
5997,,0.5800664
6005,,0.41571498
6009,,0.3862349
6010,,0.3893495
6015,,0.32769638
6039,,0.4220507
6047,,0.5829753
6051,,0.044083375
6056,,0.4139042
6061,,0.37904468
6064,,0.36900184
6065,,0.41255882
6070,,0.37393868
6085,,0.5619378
6086,,0.34607086
6091,,0.601424
6097,,0.45987624
6099,,0.5863365
6104,,0.54049796
6108,,0.5895707
6109,,0.5667134
6124,,0.52102834
6142,,0.54178077
6144,,0.39381784
6150,,0.3635918
6154,,0.62165713
6155,,0.45441183
6156,,0.91624475
6158,,0.37379456
6159,,0.9257678
6169,,0.59767103
6170,,0.045452822
6179,,0.3970792
6184,,0.37471956
6186,,0.88323367
6204,,0.1268472
6230,,0.5726571
6231,,0.41409463
6232,,0.8851446
6235,,0.38611668
6237,,0.56970215
6239,,0.3774254
6263,,0.5646927
6265,,0.35005626
6270,,0.4528192
6271,,0.4259199
6278,,0.5603973
6279,,0.5676914
6288,,0.36168662
6294,,0.38701922
6295,,0.37221506
6302,,0.413059
6306,,0.37274235
6322,,0.87599885
6324,,0.4426543
6327,,0.39928222
6331,,0.5790029
6334,,0.46467373
6338,,0.4127499
6339,,0.4410713
6362,,0.386884
6372,,0.5771393
6375,,0.43201584
6393,,0.42168245
6394,,0.56923527
6405,,0.88093114
6406,,0.39274728
6416,,0.42968702
6421,,0.5772923
6422,,0.3940752
6440,,0.8901478
6457,,0.5646927
6460,,0.40452892
6463,,0.5733071
6474,,0.55668896
6476,,0.4039592
6477,,0.38215256
6482,,0.5539111
6488,,0.39738175
6489,,0.41814068
6494,,0.3643309
6499,,0.42052191
6507,,0.3146919
6524,,0.35679057
6527,,0.34737104
6531,,0.30041164
6536,,0.6268228
6538,,0.18535335
6542,,0.38435692
6565,,0.37448624
6584,,0.37554872
6588,,0.40152457
6597,,0.3841391
6603,,0.5722934
6609,,0.5330346
6613,,0.5761645
6622,,0.3722047
6630,,0.39144272
6637,,0.43031532
6639,,0.5810265
6640,,0.27229825
6646,,0.3947223
6647,,0.5726571
6648,,0.90664405
6669,,0.38790074
6680,,0.30928537
6681,,0.32783166
6684,,0.051148538
6693,,0.37609622
6694,,0.3506114
6704,,0.44094905
6706,,0.532846
6710,,0.37544516
6713,,0.42571393
6718,,0.41179958
6732,,0.39373782
6737,,0.48959115
6739,,0.33288276
6742,,0.42292672
6746,,0.4151841
6753,,0.38565865
6771,,0.4475988
6784,,0.44120976
6790,,0.8704727
6795,,0.5779835
6807,,0.41282654
6808,,0.45246163
6818,,0.4380113
6823,,0.38377985
6830,,0.58058417
6831,,0.5774916
6832,,0.41600823
6836,,0.4297987
6846,,0.37952608
6850,,0.3774397
6854,,0.37357152
6868,,0.5615008
6876,,0.29786244
6877,,0.45208728
6881,,0.28117782
6882,,0.3682014
6884,,0.43812323
6886,,0.41802907
6901,,0.4033371
6910,,0.3882954
6913,,0.4135236
6914,,0.5579255
6918,,0.52945524
6930,,0.52118903
6941,,0.40644884
6944,,0.37940642
6945,,0.44845283
6947,,0.5789653
6949,,0.5614236
6952,,0.38258263
6963,,0.4081687
6964,,0.5579007
6972,,0.5697383
6979,,0.5490361
6981,,0.37441915
6988,,0.55369836
6990,,0.4175467
6998,,0.40475005
7004,,0.41632667
7016,,0.39019135
7027,,0.39139357
7042,,0.42169592
7056,,0.40630472
7061,,0.425478
7069,,0.35800186
7071,,0.44297665
7088,,0.4249883
7099,,0.40931457
7108,,0.3901939
7121,,0.5575209
7125,,0.58284783
7136,,0.42203757
7149,,0.42275274
7150,,0.41046426
7151,,0.36603153
7167,,0.4049122
7177,,0.5355663
7178,,0.32036763
7183,,0.4369958
7186,,0.37473997
7190,,0.42034382
7201,,0.42175087
7202,,0.38429725
7207,,0.40946755
7213,,0.37768626
7224,,0.44060892
7225,,0.4632391
7233,,0.39236006
7239,,0.44917715
7246,,0.42597106
7248,,0.39756265
7261,,0.58473104
7264,,0.38189223
7266,,0.3039109
7274,,0.3299549
7279,,0.4475301
7293,,0.3806008
7315,,0.3099598
7322,,0.42642123
7326,,0.5628368
7341,,0.3777068
7363,,0.5776436
7365,,0.39942062
7371,,0.3957578
7377,,0.40226942
7393,,0.58739763
7405,,0.4331984
7410,,0.5373223
7434,,0.41438878
7438,,0.38585973
7447,,0.42704827
7450,,0.5360885
7452,,0.38370013
7453,,0.24980786
7455,,0.36803177
7456,,0.36780164
7457,,0.8956571
7466,,0.57252395
7470,,0.5715202
7474,,0.4031763
7487,,0.42572343
7488,,0.5528333
7492,,0.57314306
7496,,0.38689294
7501,,0.5299612
7505,,0.56795853
7512,,0.34643194
7526,,0.43683246
7536,,0.4358321
7538,,0.5683662
7539,,0.4214256
7544,,0.58473104
7554,,0.37620133
7564,,0.4651697
7566,,0.44347388
7580,,0.41451925
7581,,0.4508559
7584,,0.41416618
7587,,0.36320204
7589,,0.4167175
7590,,0.42573193
7594,,0.37046665
7597,,0.40259886
7602,,0.8988883
7603,,0.3843441
7605,,0.4378629
7609,,0.40540227
7613,,0.4348355
7619,,0.4246262
7625,,0.43541908
7626,,0.58739763
7636,,0.5749739
7639,,0.5698003
7641,,0.40125746
7643,,0.92061853
7644,,0.39579347
7657,,0.40787464
7661,,0.43264833
7666,,0.4059076
7673,,0.46161377
7683,,0.551511
7685,,0.43073967
7699,,0.45101896
7704,,0.44753158
7705,,0.43282932
7708,,0.4486335
7728,,0.43640807
7733,,0.42820045
7741,,0.5391411
7743,,0.4004693
7745,,0.36096132
7754,,0.4432264
7756,,0.40103498
7757,,0.4251546
7770,,0.42071974
7773,,0.919648
7774,,0.41095477
7776,,0.5569579
7777,,0.35248554
7778,,0.3649945
7781,,0.5524394
7784,,0.3852585
7789,,0.58190334
7794,,0.37009832
7799,,0.43155688
7801,,0.4728155
7818,,0.36858907
7823,,0.40259716
7828,,0.41864952
7832,,0.4191435
7839,,0.40722418
7851,,0.43221408
7856,,0.40538922
7868,,0.5569579
7869,,0.22414178
7872,,0.32962352
7874,,0.34990928
7878,,0.30918512
7888,,0.48107988
7913,,0.34369516
7923,,0.40854555
7925,,0.551511
7926,,0.41120878
7938,,0.37741384
7942,,0.5284833
7945,,0.3951203
7954,,0.43577656
7963,,0.40942088
7969,,0.40756872
7970,,0.58739763
7977,,0.5817986
7981,,0.38393834
7990,,0.42513263
8020,,0.38571548
8023,,0.36596742
8025,,0.3744116
8034,,0.5739113
8039,,0.40318602
8046,,0.4048682
8051,,0.43016624
8055,,0.3638147
8060,,0.41821274
8063,,0.33504272
8073,,0.9134712
8074,,0.3876529
8076,,0.44453332
8080,,0.42152312
8088,,0.4031861
8102,,0.31032738
8103,,0.5833659
8104,,0.5833659
8105,,0.4227674
8109,,0.43873757
8115,,0.58043075
8121,,0.4276779
8126,,0.43860805
8135,,0.45698547
8153,,0.42818314
8156,,0.3677701
8160,,0.4774926
8161,,0.48214453
8162,,0.48752666
8171,,0.39507952
8181,,0.34154058
8183,,0.37672973
8185,,0.40910923
8191,,0.91720617
8203,,0.2981772
8204,,0.5848085
8207,,0.44148412
8208,,0.43550918
8209,,0.4061025
8210,,0.40802416
8225,,0.41516417
8226,,0.38218853
8231,,0.39535004
8233,,0.27289143
8244,,0.5357367
8250,,0.35857645
8261,,0.58655703
8265,,0.39872006
8278,,0.37796968
8279,,0.3627892
8280,,0.42163217
8296,,0.5329669
8299,,0.43387192
8300,,0.4181441
8301,,0.47401235
8305,,0.4216686
8327,,0.38244528
8334,,0.44273654
8349,,0.32878658
8355,,0.35685542
8361,,0.44028983
8362,,0.39794713
8364,,0.38604307
8365,,0.39993882
8375,,0.34409454
8378,,0.43228304
8380,,0.4145398
8381,,0.400896
8387,,0.42869458
8399,,0.5377598
8402,,0.8742252
8409,,0.42462665
8433,,0.560871
8436,,0.42911655
8442,,0.3966673
8448,,0.38641068
8464,,0.36686862
8469,,0.3591534
8474,,0.38953087
8478,,0.48013523
8482,,0.41595867
8490,,0.28946254
8510,,0.40134022
8511,,0.41010582
8527,,0.39979374
8532,,0.30039155
8533,,0.36480713
8538,,0.42781886
8541,,0.37134364
8545,,0.3937735
8553,,0.46803886
8554,,0.39840096
8555,,0.40335315
8569,,0.36407736
8586,,0.435074
8593,,0.39117318
8600,,0.91630816
8606,,0.45388353
8607,,0.29473162
8611,,0.40343156
8613,,0.41118523
8618,,0.63499254
8630,,0.40713143
8637,,0.3953498
8650,,0.41215637
8652,,0.30051896
8661,,0.5607851
8669,,0.40117377
8673,,0.4087968
8674,,0.41081527
8678,,0.5764596
8682,,0.37735197
8688,,0.43460777
8689,,0.5486694
8695,,0.37906983
8698,,0.40342796
8703,,0.41387087
8709,,0.3822347
8716,,0.41476294
8723,,0.37153932
8737,,0.32335865
8753,,0.39865106
8773,,0.5688932
8774,,0.35479447
8778,,0.5825222
8786,,0.41907895
8794,,0.5490844
8795,,0.45274854
8800,,0.33207402
8804,,0.39519122
8808,,0.4158272
8809,,0.4347358
8817,,0.5850098
8818,,0.39673448
8825,,0.39586303
8830,,0.40948144
8833,,0.40245837
8834,,0.33833665
8836,,0.43185568
8837,,0.38582027
8844,,0.2945155
8851,,0.36484474
8861,,0.92728287
8864,,0.39767918
8865,,0.37499708
8869,,0.27975494
8873,,0.56261706
8880,,0.44953138
8884,,0.34890524
8888,,0.40456584
8889,,0.30945802
8891,,0.59152627
8893,,0.4105183
8897,,0.43657377
8905,,0.40370598
8910,,0.5587854
8918,,0.56862164
8939,,0.3725508
8940,,0.42487222
8941,,0.37756112
8944,,0.35452867
8949,,0.38211492
8950,,0.35637364
8958,,0.4145941
8967,,0.58618116
8975,,0.32952842
8979,,0.40448835
8980,,0.33897907
8991,,0.3332111
8995,,0.22936293
8996,,0.37460846
8998,,0.5348425
9000,,0.44926694
9001,,0.57273394
9002,,0.39590037
9024,,0.42863163
9026,,0.38392314
9027,,0.4147747
9034,,0.43224892
9038,,0.34815744
9050,,0.403982
9052,,0.43367317
9054,,0.43737054
9078,,0.59043086
9097,,0.40770608
9109,,0.33789447
9112,,0.48039678
9115,,0.40567634
9125,,0.55204016
9132,,0.4181602
9136,,0.42932487
9139,,0.37710285
9140,,0.35677975
9142,,0.39351338
9143,,0.42574316
9147,,0.3732272
9159,,0.40317827
9165,,0.56212074
9172,,0.4367317
9177,,0.3749455
9179,,0.39515173
9185,,0.41595972
9196,,0.92921466
9201,,0.42649782
9209,,0.3859937
9210,,0.42695767
9212,,0.3653459
9214,,0.42133543
9240,,0.8867198
9241,,0.44360068
9244,,0.42229754
9249,,0.31591895
9250,,0.40261063
9255,,0.42664722
9258,,0.40135938
9263,,0.35313535
9266,,0.39468217
9269,,0.41797236
9272,,0.40411422
9276,,0.5487287
9290,,0.40925708
9299,,0.38979876
9303,,0.31206927
9310,,0.1752972
9311,,0.4027671
9314,,0.42230207
9315,,0.6381729
9325,,0.53531003
9328,,0.40504333
9329,,0.55015683
9332,,0.82557935
9337,,0.59825325
9353,,0.4716903
9355,,0.4295654
9356,,0.59004927
9362,,0.44386142
9364,,0.5635744
9366,,0.5607229
9387,,0.89327425
9388,,0.88789
9396,,0.5726545
9400,,0.28279987
9406,,0.40835667
9411,,0.40418646
9416,,0.4453507
9417,,0.59402496
9423,,0.5758835
9425,,0.37343648
9426,,0.43315053
9427,,0.41397637
9429,,0.56307596
9430,,0.4390108
9434,,0.44401094
9442,,0.43832886
9458,,0.42011973
9476,,0.38652334
9481,,0.41323823
9483,,0.4270805
9484,,0.39998236
9487,,0.52282494
9488,,0.40845573
9490,,0.34391007
9502,,0.91938543
9505,,0.33949542
9509,,0.550143
9515,,0.43306682
9516,,0.39255998
9532,,0.41003966
9539,,0.43626437
9542,,0.54167473
9549,,0.3956399
9550,,0.41977873
9553,,0.443851
9554,,0.3978743
9561,,0.46845302
9566,,0.44829774
9571,,0.40483722
9577,,0.40854818
9584,,0.39866474
9592,,0.43224037
9596,,0.56256723
9602,,0.3451371
9603,,0.37195635
9604,,0.6393626
9608,,0.6395106
9609,,0.4356234
9613,,0.42070583
9623,,0.37192193
9630,,0.887042
9633,,0.45789126
9648,,0.38429096
9665,,0.60618985
9668,,0.3563992
9678,,0.409497
9679,,0.40137085
9693,,0.57504153
9718,,0.5882793
9720,,0.5748539
9744,,0.4237802
9745,,0.3578201
9746,,0.5157863
9753,,0.38471976
9758,,0.5529136
9759,,0.40696976
9763,,0.4067993
9766,,0.32108015
9767,,0.361375
9777,,0.36995167
9781,,0.41653115
9789,,0.34698924
9790,,0.36996293
9799,,0.44761196
9802,,0.31768632
9805,,0.5907501
9807,,0.4442297
9812,,0.42599106
9818,,0.39711672
9820,,0.59367555
9822,,0.43633494
9824,,0.59383035
9834,,0.5882793
9836,,0.3372869
9847,,0.39153466
9864,,0.92571527
9869,,0.3748352
9875,,0.40687835
9880,,0.40654275
9889,,0.59383035
9894,,0.38070858
9909,,0.92302155
9915,,0.4137741
9919,,0.4345055
9920,,0.5715479
9940,,0.43562353
9946,,0.4170389
9958,,0.579292
9959,,0.38129166
9973,,0.43834984
9976,,0.38951904
9978,,0.3932392
9982,,0.38591188
9987,,0.29014778
9988,,0.4057294
9992,,0.43473256
10000,,0.045210395
10002,,0.43653753
10005,,0.3933904
10008,,0.4208442
10009,,0.42441738
10011,,0.41683826
10021,,0.3659475
10022,,0.5434893
10053,,0.3677312
10074,,0.38081172
10076,,0.4137513
10090,,0.5449651
10092,,0.31762525
10099,,0.42136467
10102,,0.36932242
10103,,0.35459462
10106,,0.3762188
10108,,0.908426
10113,,0.549915
10119,,0.29080194
10122,,0.41140035
10125,,0.39794436
10140,,0.44551456
10155,,0.37544665
10159,,0.41944173
10164,,0.48275518
10175,,0.4287882
10176,,0.46132326
10178,,0.43374404
10186,,0.5878925
10200,,0.40002656
10204,,0.59200275
10206,,0.55719304
10211,,0.40415555
10212,,0.3932429
10217,,0.42117846
10220,,0.59383035
10230,,0.595055
10234,,0.41296658
10235,,0.396025
10239,,0.37330857
10240,,0.40230277
10242,,0.38628763
10245,,0.3635608
10246,,0.5521469
10247,,0.3695913
10250,,0.34220234
10254,,0.6216163
10257,,0.41048172
10260,,0.4229554
10261,,0.5557178
10265,,0.391962
10273,,0.40954894
10274,,0.32715753
10277,,0.45141783
10289,,0.92734194
10290,,0.3266132
10298,,0.43312287
10301,,0.3824119
10304,,0.5856145
10305,,0.427869
10313,,0.41549987
10320,,0.36613643
10323,,0.37908897
10328,,0.42371166
10332,,0.9290958
10336,,0.9142991
10343,,0.38248494
10348,,0.575822
10350,,0.42410856
10351,,0.4076843
10354,,0.35599223
10372,,0.35961312
10373,,0.45770526
10380,,0.39556524
10383,,0.43712795
10396,,0.55421424
10397,,0.5679556
10399,,0.5910213
10400,,0.5779265
10401,,0.41862008
10402,,0.42596617
10403,,0.58606327
10410,,0.8957073
10412,,0.4004413
10415,,0.37713405
10424,,0.41067737
10428,,0.36134815
10432,,0.36861032
10462,,0.63588023
10477,,0.3489806
10482,,0.3747101
10484,,0.3691772
10493,,0.4130732
10495,,0.4147068
10497,,0.39828384
10516,,0.40501723
10521,,0.3013627
10522,,0.39294025
10523,,0.416614
10528,,0.3729356
10530,,0.35692912
10532,,0.42185098
10533,,0.40597367
10543,,0.8467421
10547,,0.40909156
10552,,0.3999823
10558,,0.40480503
10571,,0.40025732
10572,,0.29974335
10574,,0.28447333
10583,,0.608992
10600,,0.4493003
10607,,0.41852158
10608,,0.41948846
10614,,0.24204007
10630,,0.38301003
10634,,0.42191195
10635,,0.3911545
10641,,0.5715479
10643,,0.41635785
10644,,0.59060764
10648,,0.39918458
10669,,0.4004807
10675,,0.41844478
10686,,0.5752916
10704,,0.37439957
10707,,0.35780257
10722,,0.34926036
10736,,0.58705
10764,,0.44723523
10767,,0.5882793
10776,,0.43547803
10779,,0.5757163
10781,,0.4024004
10792,,0.57836914
10797,,0.42603713
10798,,0.38460812
10801,,0.41016188
10802,,0.39838105
10805,,0.39058626
10808,,0.40527794
10810,,0.93294597
10816,,0.36096317
10817,,0.38705733
10829,,0.5749166
10843,,0.4605074
10858,,0.57098293
10866,,0.3728152
10876,,0.4216949
10887,,0.3465424
10891,,0.29162085
10896,,0.3946215
10900,,0.44765285
10905,,0.43305513
10907,,0.40869856
10917,,0.29372096
10936,,0.56691504
10947,,0.38493437
10948,,0.55960023
10951,,0.41896552
10955,,0.32399976
10969,,0.43082353
10984,,0.38128588
10987,,0.42121315
10990,,0.3506314
10992,,0.5565084
10996,,0.4154829
10997,,0.42739844
10999,,0.4070438
11000,,0.5910213
11001,,0.39955792
11010,,0.5964788
11016,,0.58812577
11018,,0.5908673
11034,,0.93062145
11039,,0.40962657
11041,,0.41137043
11047,,0.4106118
11053,,0.40469474
11055,,0.27873603
11056,,0.4099478
11065,,0.42394564
11068,,0.45160344
11070,,0.41625103
11071,,0.38924816
11072,,0.43631136
11079,,0.5787203
11091,,0.37580553
11094,,0.4257919
11112,,0.66851264
11113,,0.65269434
11128,,0.42337516
11153,,0.4043468
11154,,0.1255729
11163,,0.4165804
11179,,0.4353153
11181,,0.40188852
11206,,0.3588416
11216,,0.4244152
11221,,0.41919866
11223,,0.48730972
11228,,0.43584648
11235,,0.4028236
11237,,0.5747597
11244,,0.30497864
11256,,0.4926925
11267,,0.3860377
11272,,0.5737795
11281,,0.38900515
11285,,0.44286412
11288,,0.5944711
11291,,0.40371767
11293,,0.4171881
11297,,0.40607357
11298,,0.4197464
11299,,0.36497676
11301,,0.40852085
11309,,0.4724017
11331,,0.41865113
11332,,0.46303323
11337,,0.3742063
11343,,0.9155894
11347,,0.38012668
11348,,0.44524187
11355,,0.93150306
11368,,0.34807104
11369,,0.42013037
11371,,0.5981583
11378,,0.38184816
11384,,0.43171152
11387,,0.4137212
11393,,0.3252315
11399,,0.506433
11412,,0.455427
11431,,0.37152475
11432,,0.3563051
11444,,0.9326689
11450,,0.93203175
11451,,0.40944326
11476,,0.4008026
11488,,0.40907356
11495,,0.5236852
11505,,0.46629313
11508,,0.91753453
11518,,0.5896369
11522,,0.2364992
11524,,0.60296315
11533,,0.5981583
11549,,0.55038244
11551,,0.91056514
11560,,0.3315072
11563,,0.35358572
11565,,0.57222366
11567,,0.39631447
11569,,0.41561314
11598,,0.42103818
11604,,0.41510844
11611,,0.42586544
11617,,0.64930326
11626,,0.54346347
11642,,0.40907073
11643,,0.35765526
11648,,0.40374538
11651,,0.3818984
11663,,0.35419932
11666,,0.5202841
11685,,0.5496096
11686,,0.38119778
11698,,0.32734817
11708,,0.42915338
11711,,0.40185422
11718,,0.32418948
11742,,0.37409902
11761,,0.45610142
11767,,0.41719276
11768,,0.36821997
11775,,0.41841933
11779,,0.5679755
11786,,0.93066734
11790,,0.52532256
11791,,0.4042687
11796,,0.038837217
11806,,0.42100915
11810,,0.3906509
11811,,0.368123
11814,,0.9191361
11816,,0.3768463
11820,,0.43687817
11822,,0.4432015
11829,,0.39699572
11832,,0.39508379
11834,,0.5556917
11836,,0.37229168
11837,,0.47418195
11844,,0.75840783
11847,,0.43669888
11864,,0.59172285
11865,,0.41727352
11872,,0.4329395
11873,,0.61130404
11886,,0.6309268
11894,,0.4067093
11905,,0.38880292
11906,,0.27031323
11907,,0.40671486
11912,,0.37741107
11914,,0.5601026
11918,,0.41498208
11924,,0.3768463
11929,,0.9209725
11930,,0.3833316
11936,,0.42157546
11937,,0.4153245
11954,,0.5529174
11957,,0.42025423
11964,,0.40921333
11968,,0.24121043
11972,,0.5839662
11976,,0.43028256
11979,,0.34500512
11981,,0.3784035
11983,,0.4160832
11989,,0.19803974
11991,,0.40017495
11998,,0.41138673
12003,,0.44184792
12007,,0.4334197
12011,,0.42284453
12014,,0.40206766
12024,,0.29841724
12033,,0.40502536
12034,,0.41730678
12041,,0.31426272
12046,,0.58565533
12056,,0.41466388
12064,,0.39266646
12069,,0.37335235
12070,,0.35489556
12071,,0.38459608
12072,,0.43926287
12078,,0.35447976
12091,,0.4438695
12092,,0.56665456
12094,,0.4746703
12098,,0.43304455
12103,,0.3383973
12115,,0.57575786
12118,,0.59054893
12122,,0.3570879
12125,,0.9221561
12133,,0.41283283
12137,,0.5941955
12141,,0.37309492
12143,,0.41254163
12144,,0.59673643
12154,,0.3646891
12163,,0.42072707
12170,,0.41020375
12193,,0.35167378
12196,,0.40493026
12206,,0.45646203
12209,,0.554378
12214,,0.41037145
12228,,0.37023544
12233,,0.4572457
12238,,0.56618667
12242,,0.35515368
12245,,0.43242404
12247,,0.4070933
12251,,0.39884898
12287,,0.44546252
12292,,0.5835594
12304,,0.386318
12317,,0.5434078
12320,,0.579958
12323,,0.5476654
12328,,0.4177335
12333,,0.54968804
12334,,0.40744388
12335,,0.32973003
12352,,0.59574616
12358,,0.39662907
12364,,0.42494723
12376,,0.39434323
12396,,0.4111674
12402,,0.92733103
12406,,0.39552632
12408,,0.3278952
12410,,0.9345899
12413,,0.37908834
12417,,0.3800759
12424,,0.40976828
12425,,0.33928904
12426,,0.3390363
12430,,0.3933537
12432,,0.57767576
12433,,0.42778984
12451,,0.2473353
12457,,0.4138949
12465,,0.58546484
12468,,0.4235875
12474,,0.4288684
12475,,0.5931253
12486,,0.5950339
12487,,0.43383113
12514,,0.39498338
12524,,0.9185363
12526,,0.35057014
12530,,0.39266825
12532,,0.20070195
12593,,0.43192837
12599,,0.45669925
12600,,0.36992165
12603,,0.43906346
12624,,0.9316829
12630,,0.42237732
12638,,0.44376683
12641,,0.6024149
12643,,0.60738844
12656,,0.42553198
12666,,0.42510617
12673,,0.59128004
12675,,0.44449398
12678,,0.42728636
12692,,0.044304144
12693,,0.9256929
12707,,0.44759482
12711,,0.5679755
12716,,0.4283893
12717,,0.58996886
12723,,0.42956558
12738,,0.32316396
12742,,0.37088713
12746,,0.37034562
12753,,0.58730793
12758,,0.41895723
12760,,0.33523703
12763,,0.41514787
12764,,0.4238109
12768,,0.4006957
12776,,0.3936408
12777,,0.40496624
12783,,0.93714416
12804,,0.3903724
12824,,0.3967038
12839,,0.3998304
12847,,0.48004183
12850,,0.9140318
12867,,0.5941955
12883,,0.45571712
12887,,0.38317555
12890,,0.29884824
12903,,0.41648924
12906,,0.3410226
12907,,0.21636054
12909,,0.4366615
12912,,0.40797424
12915,,0.34055877
12930,,0.74878705
12931,,0.40704054
12934,,0.3888249
12951,,0.3920358
12955,,0.43142727
12973,,0.592708
12988,,0.36407802
12999,,0.38916144
13015,,0.38836765
13026,,0.5258277
13036,,0.3881192
13039,,0.3739096
13040,,0.44248968
13041,,0.4009461
13043,,0.93268144
13057,,0.42093325
13064,,0.38844112
13068,,0.6115984
13069,,0.4765284
13073,,0.40672424
13079,,0.6047162
13086,,0.37171036
13089,,0.4444321
13093,,0.4063385
13097,,0.5953588
13098,,0.40981388
13105,,0.37816238
13107,,0.43834147
13108,,0.54664207
13110,,0.37066978
13112,,0.459226
13114,,0.3692238
13118,,0.4364068
13127,,0.35820994
13129,,0.36611503
13142,,0.93195015
13146,,0.5941955
13149,,0.56132036
13157,,0.43919966
13158,,0.46545342
13159,,0.45852962
13161,,0.455481
13162,,0.4319818
13166,,0.4388295
13168,,0.41909304
13170,,0.9005596
13186,,0.3826635
13191,,0.44335583
13203,,0.41420454
13209,,0.40413192
13212,,0.45235595
13213,,0.35480428
13222,,0.42630243
13229,,0.41498977
13234,,0.4413051
13257,,0.59776986
13258,,0.41237855
13268,,0.43581748
13270,,0.42205137
13291,,0.4343998
13292,,0.6957609
13299,,0.41638327
13307,,0.9340599
13309,,0.33699685
13311,,0.41641474
13312,,0.4361054
13322,,0.3616585
13324,,0.5951241
13330,,0.43083012
13338,,0.4402051
13344,,0.46425793
13348,,0.3139656
13355,,0.4061376
13365,,0.92477304
13368,,0.42530993
13370,,0.42835405
13372,,0.44364357
13377,,0.44756132
13385,,0.5548512
13389,,0.42299375
13393,,0.5965479
13395,,0.45355478
13404,,0.45767954
13411,,0.43971267
13416,,0.42643043
13434,,0.40345636
13435,,0.44001472
13445,,0.35502803
13446,,0.36555237
13451,,0.5950339
13462,,0.40346757
13464,,0.331827
13466,,0.38279793
13471,,0.3868997
13472,,0.5798807
13477,,0.5168648
13481,,0.40516195
13484,,0.601752
13490,,0.37315056
13492,,0.39896247
13500,,0.4261471
13508,,0.40260282
13516,,0.37462407
13525,,0.30526307
13526,,0.5901582
13530,,0.42054278
13532,,0.33443943
13538,,0.37566885
13546,,0.39999127
13548,,0.40496364
13550,,0.6129802
13551,,0.4510018
13564,,0.4208712
13566,,0.5927603
13570,,0.4383187
13580,,0.42622185
13585,,0.43605787
13588,,0.34901726
13592,,0.5935911
13594,,0.39733508
13609,,0.45691195
13610,,0.73938
13613,,0.34129784
13625,,0.43178204
13626,,0.6081937
13639,,0.6063113
13645,,0.9324623
13647,,0.44211784
13648,,0.3742236
13652,,0.5984796
13654,,0.601272
13664,,0.59223294
13673,,0.41310763
13684,,0.4044335
13690,,0.37651706
13693,,0.4308399
13696,,0.44061944
13700,,0.7257741
13701,,0.3513502
13707,,0.4524066
13713,,0.42618448
13714,,0.3794862
13716,,0.41763425
13720,,0.39230677
13727,,0.42801633
13733,,0.38445577
13738,,0.41397652
13757,,0.35719392
13759,,0.452345
13761,,0.5954917
13767,,0.4367149
13782,,0.45785227
13786,,0.40755484
13787,,0.4257329
13792,,0.4571878
13795,,0.44331703
13798,,0.57811874
13807,,0.04680151
13809,,0.41590255
13811,,0.33598787
13815,,0.41624448
13817,,0.4325821
13818,,0.4376428
13822,,0.4047761
13824,,0.37188825
13829,,0.43612495
13832,,0.905413
13840,,0.5604733
13841,,0.554872
13868,,0.43581548
13871,,0.93142736
13880,,0.42318493
13888,,0.4210584
13890,,0.5682637
13891,,0.37026638
13895,,0.3859773
13907,,0.3771404
13910,,0.43270645
13912,,0.441437
13913,,0.41137433
13923,,0.434788
13929,,0.45482168
13936,,0.42030054
13946,,0.41656294
13950,,0.53699726
13951,,0.38103765
13954,,0.43277082
13958,,0.40129828
13969,,0.405806
13980,,0.33567235
13981,,0.6259789
13986,,0.40002617
13987,,0.3684951
13989,,0.42340225
13992,,0.45832214
13994,,0.58542734
14001,,0.43667868
14002,,0.42043537
14004,,0.44238085
14006,,0.42813402
14012,,0.4369853
14021,,0.39007732
14024,,0.45242122
14045,,0.39027137
14047,,0.6135945
14057,,0.41143757
14059,,0.3422168
14060,,0.35243514
14068,,0.25625047
14070,,0.42308262
14074,,0.42192096
14076,,0.45974502
14089,,0.4403871
14115,,0.4384316
14116,,0.4583511
14128,,0.42623866
14131,,0.40483427
14134,,0.5952906
14137,,0.42810228
14138,,0.37553266
14139,,0.60737133
14152,,0.4145678
14153,,0.8805046
14155,,0.4250949
14156,,0.6040867
14164,,0.4395898
14165,,0.6710081
14171,,0.3581521
14174,,0.38992617
14181,,0.57800263
14186,,0.7335205
14192,,0.40661177
14201,,0.435493
14210,,0.56986284
14214,,0.4189675
14231,,0.42157102
14236,,0.44901714
14241,,0.58897364
14245,,0.4029129
14249,,0.3948487
14251,,0.5486927
14262,,0.41543323
14265,,0.26629323
14267,,0.39580974
14270,,0.93276995
14276,,0.43626907
14279,,0.2414442
14281,,0.40124536
14289,,0.4289915
14290,,0.45220485
14293,,0.42679152
14295,,0.54053384
14297,,0.53470457
14298,,0.60222894
14310,,0.30066428
14312,,0.5773237
14315,,0.5721332
14318,,0.4258811
14319,,0.4065008
14325,,0.45260146
14331,,0.40975794
14334,,0.32734436
14341,,0.39420646
14343,,0.9313542
14344,,0.4363663
14346,,0.4312108
14347,,0.4155762
14349,,0.37508994
14352,,0.39316264
14358,,0.3274951
14361,,0.498832
14363,,0.47786465
14374,,0.43221742
14376,,0.5935513
14381,,0.47780105
14398,,0.39771435
14410,,0.35998988
14412,,0.5520117
14415,,0.6188339
14423,,0.4383853
14425,,0.40957654
14436,,0.4259538
14444,,0.41270655
14455,,0.56796145
14465,,0.42308262
14469,,0.6031162
14471,,0.41298357
14475,,0.47027186
14479,,0.3757794
14480,,0.35430467
14488,,0.38255075
14491,,0.60671335
14501,,0.43606326
14520,,0.45119202
14522,,0.47486177
14523,,0.46498048
14537,,0.5744657
14538,,0.43991366
14550,,0.39773315
14561,,0.38209873
14575,,0.5994388
14586,,0.3916115
14592,,0.64627606
14601,,0.42642376
14602,,0.37909046
14604,,0.45834434
14606,,0.41903535
14627,,0.42779744
14641,,0.445257
14652,,0.4058214
14662,,0.43494293
14665,,0.40541437
14673,,0.4143679
14675,,0.536285
14679,,0.70336753
14683,,0.42934132
14686,,0.39025158
14705,,0.61034256
14708,,0.43461096
14709,,0.4871535
14710,,0.3526815
14715,,0.4315959
14717,,0.43397906
14723,,0.42918763
14725,,0.43410677
14727,,0.4457608
14728,,0.3972452
14735,,0.40908337
14746,,0.43896845
14752,,0.5797663
14757,,0.41918388
14762,,0.36004743
14763,,0.34119427
14797,,0.3830468
14812,,0.34012407
14818,,0.4306288
14825,,0.44243088
14827,,0.39791584
14829,,0.42168778
14830,,0.59119153
14837,,0.40863946
14849,,0.6031162
14863,,0.37696356
14869,,0.4152667
14882,,0.4141755
14884,,0.4181888
14886,,0.4296548
14888,,0.5823249
14890,,0.38136557
14904,,0.37387133
14938,,0.5734436
14952,,0.39099747
14958,,0.4092852
14963,,0.41059095
14979,,0.45201465
14980,,0.34588313
14986,,0.42564645
14988,,0.55428475
15003,,0.46320125
15006,,0.5948333
15009,,0.92535573
15015,,0.34667972
15024,,0.44315398
15030,,0.4309588
15036,,0.5818525
15038,,0.4144846
15039,,0.60241663
15047,,0.6091953
15049,,0.44012508
15056,,0.9361356
15068,,0.40221998
15070,,0.39916396
15073,,0.41143927
15081,,0.41808552
15084,,0.44236308
15088,,0.93128455
15092,,0.43055898
15095,,0.3829772
15097,,0.41634595
15098,,0.37359965
15115,,0.45187065
15120,,0.5718828
15126,,0.30790925
15133,,0.51013976
15143,,0.39586002
15156,,0.54739994
15164,,0.434011
15178,,0.42863855
15198,,0.63027686
15200,,0.7584821
15208,,0.044417676
15214,,0.45605505
15218,,0.41903403
15231,,0.38399544
15238,,0.33092684
15239,,0.36626875
15240,,0.3820794
15249,,0.4098781
15256,,0.34042487
15260,,0.42999437
15290,,0.6010454
15307,,0.9262552
15308,,0.44279024
15321,,0.7138414
15323,,0.4224599
15325,,0.38546175
15342,,0.5588171
15346,,0.42517787
15349,,0.41344208
15354,,0.3673988
15362,,0.43579784
15379,,0.4557217
15383,,0.45069167
15394,,0.33206055
15401,,0.45072806
15405,,0.41309533
15407,,0.39494938
15412,,0.42934668
15413,,0.42271587
15415,,0.44582403
15427,,0.44439784
15430,,0.41271454
15436,,0.42149383
15439,,0.40720126
15443,,0.52477306
15444,,0.40279466
15445,,0.6007801
15450,,0.3340125
15456,,0.59896195
15465,,0.57915103
15466,,0.43162102
15470,,0.4082752
15474,,0.44839397
15476,,0.3773277
15482,,0.45882282
15492,,0.5520581
15510,,0.40747887
15519,,0.41270292
15523,,0.20902237
15535,,0.4286089
15561,,0.92901707
15564,,0.43022585
15566,,0.41238177
15579,,0.3747622
15580,,0.41436177
15581,,0.3803548
15587,,0.43509024
15589,,0.42478102
15591,,0.41872782
15597,,0.39731264
15620,,0.49308056
15627,,0.39875412
15636,,0.5358539
15653,,0.40108696
15662,,0.92275816
15664,,0.43700254
15666,,0.4413492
15667,,0.27947402
15674,,0.4993252
15692,,0.42007396
15715,,0.35778332
15736,,0.43240514
15744,,0.42299992
15746,,0.33100143
15758,,0.40932164
15760,,0.45860228
15766,,0.41113725
15767,,0.38967216
15789,,0.5869655
15810,,0.42146415
15818,,0.41534713
15820,,0.32428154
15830,,0.38689166
15844,,0.3603392
15850,,0.22748841
15857,,0.43522155
15863,,0.9049566
15869,,0.4473787
15872,,0.34029278
15873,,0.35041294
15884,,0.4134448
15885,,0.3993866
15891,,0.4159386
15898,,0.40206984
15900,,0.36647928
15932,,0.4566202
15940,,0.39565724
15944,,0.40760973
15945,,0.38045445
15963,,0.44725084
15970,,0.37352726
15977,,0.5753606
15982,,0.2771153
15985,,0.42939433
15995,,0.39797252
16004,,0.41270512
16005,,0.5735887
16011,,0.44230127
16019,,0.5996269
16021,,0.3760852
16051,,0.59988743
16065,,0.5823874
16066,,0.41546535
16076,,0.5780793
16091,,0.39671153
16094,,0.5881278
16101,,0.44471183
16104,,0.6032365
16113,,0.5810015
16114,,0.43668142
16115,,0.59772867
16127,,0.44543186
16128,,0.36971888
16138,,0.4254424
16139,,0.59304446
16142,,0.37416187
16144,,0.40184355
16148,,0.702405
16151,,0.38735995
16156,,0.42468065
16165,,0.42032686
16166,,0.27757624
16179,,0.7204897
16193,,0.41839212
16196,,0.34906945
16198,,0.44799036
16210,,0.43273216
16232,,0.5882369
16237,,0.41744187
16240,,0.4007565
16252,,0.4325938
16259,,0.3567194
16262,,0.5969851
16263,,0.37749
16270,,0.58081067
16272,,0.4189522
16290,,0.41994676
16295,,0.6448019
16297,,0.4142156
16299,,0.3585307
16300,,0.42631972
16302,,0.4060634
16303,,0.4078641
16305,,0.4323203
16309,,0.41189018
16312,,0.42859837
16320,,0.49711883
16326,,0.44877365
16327,,0.40358183
16338,,0.39565724
16342,,0.36068046
16346,,0.41592607
16348,,0.4172716
16355,,0.38160205
16356,,0.40240577
16378,,0.45592093
16382,,0.44935012
16391,,0.38681158
16392,,0.43040252
16395,,0.5972462
16399,,0.41605487
16403,,0.44394386
16408,,0.34737012
16413,,0.46469042
16415,,0.46534052
16417,,0.4734812
16420,,0.3977653
16431,,0.4149961
16439,,0.44728678
16444,,0.43005067
16446,,0.06411115
16451,,0.4280671
16454,,0.34419
16461,,0.4924826
16462,,0.42340887
16469,,0.43109015
16484,,0.38879406
16486,,0.5768672
16487,,0.3598724
16491,,0.45728993
16494,,0.48792377
16507,,0.58554417
16508,,0.42060676
16519,,0.3938977
16523,,0.39105698
16526,,0.58060026
16530,,0.37774646
16532,,0.4524467
16542,,0.46018285
16550,,0.44451416
16555,,0.41835302
16558,,0.40868884
16567,,0.44629884
16576,,0.3963186
16579,,0.45932698
16595,,0.45200053
16598,,0.3312611
16600,,0.36068615
16604,,0.5516517
16605,,0.57042766
16607,,0.50876975
16610,,0.43256775
16612,,0.91132575
16617,,0.43908343
16625,,0.5209128
16632,,0.64709806
16634,,0.55642164
16650,,0.388338
16654,,0.42392263
16655,,0.42486313
16656,,0.40759546
16657,,0.42587006
16660,,0.40666348
16662,,0.6265937
16669,,0.40546522
16675,,0.55711746
16676,,0.43597424
16678,,0.38528866
16679,,0.4289623
16693,,0.39563525
16701,,0.42105407
16715,,0.36079752
16722,,0.44650313
16724,,0.40540805
16727,,0.45390022
16735,,0.39762425
16741,,0.4491786
16752,,0.30107516
16758,,0.46963117
16765,,0.4230545
16771,,0.3360867
16785,,0.20493464
16793,,0.4093754
16800,,0.5340963
16805,,0.37410223
16809,,0.23457186
16820,,0.43343404
16827,,0.41171777
16830,,0.38388094
16843,,0.9398951
16847,,0.42740807
16855,,0.5622042
16860,,0.53646064
16862,,0.48505235
16863,,0.3816478
16872,,0.20521091
16874,,0.29717827
16876,,0.42193776
16893,,0.40757567
16895,,0.5458412
16914,,0.57777166
16917,,0.38295162
16926,,0.36955723
16930,,0.4110394
16931,,0.38257873
16932,,0.40209374
16934,,0.42377996
16937,,0.4073563
16941,,0.38099566
16942,,0.93666524
16957,,0.42217523
16962,,0.43353918
16967,,0.45189965
16968,,0.5766714
16972,,0.4495122
16974,,0.3768911
16984,,0.41785368
16987,,0.40885994
16994,,0.57044476
16995,,0.42420474
16999,,0.3613658
17034,,0.41831
17038,,0.40777484
17040,,0.32196862
17050,,0.33564028
17068,,0.35536352
17077,,0.40684584
17079,,0.4201274
17082,,0.40234628
17085,,0.45346734
17087,,0.36876518
17099,,0.43884495
17105,,0.35303938
17108,,0.44319224
17110,,0.4452033
17111,,0.41835302
17123,,0.5649753
17124,,0.43874165
17130,,0.45411745
17138,,0.37990016
17143,,0.5681782
17157,,0.43903756
17160,,0.45641857
17166,,0.42173794
17167,,0.44384006
17179,,0.5721541
17180,,0.4618052
17189,,0.35994095
17197,,0.54423064
17219,,0.405909
17223,,0.4482477
17225,,0.4230168
17229,,0.4816637
17234,,0.41474986
17235,,0.4558496
17239,,0.446071
17242,,0.39192122
17243,,0.44673693
17246,,0.4404696
17247,,0.32275304
17255,,0.43892798
17258,,0.5493597
17260,,0.53952897
17264,,0.4112178
17270,,0.47745562
17271,,0.49172705
17272,,0.41103983
17285,,0.4187655
17294,,0.4223712
17297,,0.4133087
17298,,0.6397603
17299,,0.40292743
17306,,0.45260403
17324,,0.34469435
17326,,0.41357973
17330,,0.42272937
17345,,0.39547226
17351,,0.43119264
17352,,0.33700442
17372,,0.45936432
17381,,0.3789495
17385,,0.38410002
17388,,0.37751606
17390,,0.41506168
17392,,0.43065313
17399,,0.4490467
17404,,0.36931488
17407,,0.41718045
17408,,0.6534798
17416,,0.57670444
17418,,0.36584994
17434,,0.6112163
17438,,0.5461848
17443,,0.65830123
17444,,0.4152204
17453,,0.5802876
17460,,0.4130331
17467,,0.41207072
17480,,0.38800287
17488,,0.55999273
17490,,0.4497455
17493,,0.40168014
17498,,0.37158498
17503,,0.43648326
17513,,0.3896005
17520,,0.53866005
17525,,0.44606617
17534,,0.33757555
17545,,0.43587437
17553,,0.43045005
17554,,0.41495544
17557,,0.44327024
17563,,0.4415441
17576,,0.44565398
17577,,0.35901797
17580,,0.44928557
17582,,0.4226283
17596,,0.46111187
17597,,0.43611383
17602,,0.51415235
17614,,0.42816207
17623,,0.37570247
17624,,0.35084945
17627,,0.43287632
17628,,0.39875722
17630,,0.40235624
17634,,0.6453818
17640,,0.3706129
17652,,0.5192204
17657,,0.44876972
17661,,0.4536211
17662,,0.37411076
17666,,0.31213006
17682,,0.67129433
17688,,0.65085113
17693,,0.4121305
17705,,0.4309731
17711,,0.4305189
17715,,0.3891678
17717,,0.41352338
17721,,0.42970592
17728,,0.26093948
17737,,0.4044307
17745,,0.42262518
17755,,0.39915204
17764,,0.4268493
17774,,0.41540176
17785,,0.2709662
17786,,0.42596453
17789,,0.41102567
17802,,0.3750166
17810,,0.46478382
17819,,0.48149925
17825,,0.44337228
17828,,0.33441326
17833,,0.42971832
17841,,0.447136
17842,,0.4410757
17844,,0.42678085
17849,,0.37525272
17855,,0.4242016
17857,,0.85217386
17861,,0.3774884
17863,,0.41711167
17868,,0.34171042
17876,,0.39792645
17882,,0.39754376
17885,,0.3597222
17893,,0.41155013
17894,,0.3347362
17902,,0.43233302
17906,,0.38797754
17911,,0.5768974
17917,,0.38883233
17921,,0.40364155
17941,,0.42872316
17945,,0.37842098
17949,,0.43699244
17954,,0.38901967
17957,,0.4066371
17958,,0.5068623
17960,,0.40231574
17985,,0.46992555
18000,,0.58790165
18002,,0.4736245
18008,,0.28973478
18014,,0.46654767
18015,,0.92108345
18019,,0.4348689
18021,,0.39937207
18026,,0.39772406
18029,,0.3681185
18034,,0.4840709
18035,,0.35139203
18036,,0.5679599
18039,,0.5581743
18066,,0.4112042
18076,,0.42987075
18089,,0.42581314
18104,,0.45221928
18110,,0.40669602
18129,,0.46311963
18131,,0.44981495
18133,,0.4023073
18136,,0.35690725
18148,,0.50247675
18152,,0.044738963
18167,,0.39852482
18177,,0.40841806
18178,,0.39527053
18183,,0.39290267
18194,,0.42359006
18197,,0.56650573
18213,,0.2977152
18214,,0.29829177
18221,,0.27642477
18227,,0.23092003
18239,,0.67004615
18245,,0.47018585
18266,,0.43396392
18267,,0.6248477
18274,,0.24174066
18283,,0.41534448
18297,,0.323695
18302,,0.4117065
18303,,0.43095404
18315,,0.4242888
18324,,0.28908914
18326,,0.46899322
18334,,0.41563827
18336,,0.38074732
18344,,0.4096921
18346,,0.46444106
18347,,0.4110692
18350,,0.42941928
18352,,0.42336592
18364,,0.4445732
18366,,0.4127675
18373,,0.433201
18391,,0.436597
18393,,0.38230112
18395,,0.41185758
18400,,0.70881593
18408,,0.4095972
18421,,0.39833105
18425,,0.4049021
18443,,0.27994415
18451,,0.40432698
18456,,0.43108195
18458,,0.5351207
18460,,0.30560163
18467,,0.52111655
18468,,0.44066018
18475,,0.51439035
18485,,0.22780472
18494,,0.55022967
18495,,0.8761343
18508,,0.39745924
18530,,0.41123667
18533,,0.39302418
18547,,0.35965705
18548,,0.36982235
18553,,0.3494648
18561,,0.40871122
18565,,0.5858742
18572,,0.37358066
18593,,0.3458018
18600,,0.41653374
18621,,0.4181445
18629,,0.5638542
18637,,0.3705811
18649,,0.37683713
18653,,0.37552664
18660,,0.3293909
18671,,0.42212507
18672,,0.27931517
18677,,0.46744317
18681,,0.849406
18684,,0.852072
18686,,0.44194624
18689,,0.3925383
18690,,0.4069335
18709,,0.41639373
18716,,0.56761724
18723,,0.31972605
18773,,0.43524015
18782,,0.44337422
18797,,0.68146986
18810,,0.37047625
18817,,0.46196455
18820,,0.6788209
18825,,0.3238906
18837,,0.42191774
18850,,0.4253369
18857,,0.5501323
18861,,0.46515825
18867,,0.4312649
18870,,0.39589858
18877,,0.5217778
18887,,0.5221393
18898,,0.4020762
18900,,0.3952841
18914,,0.41265008
18921,,0.5798433
18922,,0.63914543
18945,,0.46307942
18947,,0.4269145
18953,,0.399839
18954,,0.3971098
18957,,0.44222394
18960,,0.45553368
18973,,0.29834783
18983,,0.5527901
18990,,0.42070282
18991,,0.4345502
18993,,0.39196905
18995,,0.41394162
18996,,0.39729878
19003,,0.3969184
19014,,0.43483225
19015,,0.41248977
19019,,0.43933034
19028,,0.4573534
19038,,0.57985854
19040,,0.54109037
19046,,0.37407824
19051,,0.29595554
19054,,0.9419106
19056,,0.4196372
19074,,0.38345605
19085,,0.43993682
19099,,0.93096405
19124,,0.42432138
19134,,0.4235889
19141,,0.2407417
19146,,0.43327734
19150,,0.3944872
19170,,0.3755919
19176,,0.39127254
19187,,0.49656397
19189,,0.42305487
19202,,0.42796585
19208,,0.43295375
19209,,0.3350295
19210,,0.6120604
19216,,0.42328647
19217,,0.40933472
19218,,0.8528004
19223,,0.46712404
19240,,0.31566495
19246,,0.5238926
19269,,0.43883815
19275,,0.5455919
19287,,0.40070313
19298,,0.4110554
19303,,0.38104236
19313,,0.43308696
19325,,0.33771864
19326,,0.3605283
19328,,0.43971404
19330,,0.41901013
19340,,0.43701473
19342,,0.38812214
19343,,0.40682414
19344,,0.43006098
19363,,0.32427853
19364,,0.4138283
19371,,0.22885244
19376,,0.4458343
19377,,0.3931305
19381,,0.44135803
19384,,0.55166733
19390,,0.5467035
19402,,0.35677725
19405,,0.37954995
19409,,0.36217758
19418,,0.45006815
19429,,0.62040585
19446,,0.4480198
19458,,0.46212253
19460,,0.3955381
19462,,0.40967232
19465,,0.38584143
19472,,0.5230795
19480,,0.40515566
19503,,0.5410228
19507,,0.44013178
19517,,0.35283878
19533,,0.48101175
19537,,0.41987813
19541,,0.4233197
19563,,0.43049896
19566,,0.5947344
19568,,0.680212
19576,,0.4116511
19591,,0.4085756
19597,,0.59533995
19619,,0.41290712
19622,,0.55956805
19623,,0.43630832
19624,,0.3861884
19627,,0.45656493
19629,,0.42553684
19633,,0.40726632
19639,,0.31081963
19641,,0.3651007
19643,,0.38148805
19649,,0.4417631
19652,,0.6509396
19657,,0.37200913
19660,,0.5527423
19668,,0.8750268
19678,,0.402591
19686,,0.43398774
19690,,0.3290802
19694,,0.43797147
19695,,0.40298194
19702,,0.43381256
19712,,0.549737
19720,,0.56460387
19735,,0.3990451
19739,,0.37367228
19740,,0.56988484
19743,,0.3498083
19750,,0.31960952
19752,,0.39374515
19754,,0.37894684
19762,,0.6568566
19770,,0.3105778
19775,,0.3860774
19777,,0.39008
19782,,0.37453002
19783,,0.55285877
19786,,0.42799395
19805,,0.38441166
19808,,0.43657514
19819,,0.4341616
19821,,0.34608576
19827,,0.40266055
19830,,0.4188667
19832,,0.3923573
19833,,0.44401488
19834,,0.37460816
19843,,0.4090604
19844,,0.31784502
19846,,0.32769176
19847,,0.32561162
19850,,0.58233196
19851,,0.35942528
19861,,0.7135984
19873,,0.39006466
19878,,0.34344178
19886,,0.38224283
19892,,0.38573265
19901,,0.36672813
19902,,0.45942122
19920,,0.52882415
19921,,0.34665355
19922,,0.2991084
19929,,0.6195055
19932,,0.59897405
19935,,0.3696723
19936,,0.43856892
19946,,0.6049977
19950,,0.49038625
19952,,0.40180853
19955,,0.59799755
19976,,0.44288197
19983,,0.3057803
19987,,0.34752262
19991,,0.9061554
19996,,0.4413457
20007,,0.5066803
20015,,0.36557427
20019,,0.33379236
20023,,0.42543948
20034,,0.40905488
20036,,0.33913317
20038,,0.42427596
20039,,0.38260666
20040,,0.38855666
20045,,0.61221427
20046,,0.41972739
20048,,0.43495178
20060,,0.6037914
20068,,0.26432967
20074,,0.58272463
20111,,0.39139968
20117,,0.33399296
20125,,0.29228026
20129,,0.42778194
20134,,0.28581852
20135,,0.24434659
20139,,0.4110831
20142,,0.6113337
20147,,0.3806323
20154,,0.6432505
20157,,0.31414348
20169,,0.22857602
20179,,0.3174089
20202,,0.42037854
20207,,0.5715483
20215,,0.4661045
20216,,0.9356538
20217,,0.6734328
20218,,0.64692014
20219,,0.42304
20226,,0.33737102
20236,,0.3576996
20239,,0.32851282
20246,,0.35993734
20247,,0.44010347
20253,,0.42138317
20255,,0.30358392
20268,,0.34347647
20270,,0.6510688
20271,,0.3972863
20279,,0.442909
20282,,0.5675668
20295,,0.36594024
20302,,0.5681722
20305,,0.5025449
20306,,0.5140845
20308,,0.31238782
20330,,0.43801594
20335,,0.64269644
20344,,0.38374785
20349,,0.6720294
20360,,0.40003675
20362,,0.4151963
20378,,0.38808715
20394,,0.32339796
20397,,0.5610312
20403,,0.43473378
20405,,0.39177918
20415,,0.39016753
20417,,0.39610538
20420,,0.37888265
20425,,0.6541378
20430,,0.6204471
20435,,0.4422648
20443,,0.3937006
20446,,0.6638595
20458,,0.4206038
20459,,0.44615173
20467,,0.40106598
20470,,0.57991177
20482,,0.45692125
20489,,0.42693987
20495,,0.3854504
20496,,0.42369813
20497,,0.46078345
20505,,0.60754424
20509,,0.8650191
20535,,0.42234063
20539,,0.58991
20544,,0.4480446
20547,,0.41655946
20556,,0.25196943
20557,,0.4197426
20575,,0.4040939
20577,,0.43203458
20596,,0.38868034
20597,,0.5409492
20602,,0.41156805
20603,,0.5051738
20609,,0.66384006
20618,,0.3982236
20621,,0.44709304
20628,,0.23181118
20634,,0.6572548
20637,,0.4055081
20641,,0.39617673
20642,,0.56342983
20647,,0.4090451
20655,,0.3737739
20656,,0.2552538
20661,,0.31568363
20664,,0.61786
20674,,0.63107896
20679,,0.41858086
20680,,0.40223795
20683,,0.9316272
20687,,0.35274258
20688,,0.8568771
20695,,0.35955575
20696,,0.3668567
20699,,0.32408005
20701,,0.2769894
20702,,0.40231627
20704,,0.28004077
20721,,0.3921869
20725,,0.36644265
20731,,0.37385127
20741,,0.5322692
20742,,0.34067732
20753,,0.40949476
20756,,0.3233762
20769,,0.28258687
20771,,0.3293651
20774,,0.401385
20777,,0.4060453
20781,,0.43413246
20797,,0.43501732
20808,,0.34865436
20810,,0.40236735
20820,,0.14068572
20823,,0.9066215
20829,,0.83480424
20832,,0.4096774
20833,,0.3867754
20837,,0.3702269
20838,,0.4243657
20839,,0.3501923
20847,,0.42271906
20861,,0.32953432
20869,,0.93238676
20875,,0.3093757
20877,,0.59307665
20889,,0.36390302
20894,,0.5163784
20901,,0.4273518
20919,,0.42466155
20923,,0.39508042
20935,,0.54988056
20937,,0.3486085
20939,,0.8911679
20940,,0.40861613
20943,,0.33717737
20946,,0.3834571
20950,,0.41285336
20961,,0.6645173
20965,,0.38649622
20967,,0.6865301
20969,,0.420954
20970,,0.42303413
20975,,0.48546836
20987,,0.37485075
20995,,0.4386158
20998,,0.5859412
21002,,0.27947617
21012,,0.90348685
21013,,0.57292926
21015,,0.3505146
21017,,0.46569517
21020,,0.33144146
21028,,0.3685118
21031,,0.42130232
21036,,0.33400977
21040,,0.3474853
21048,,0.42149326
21049,,0.36911577
21051,,0.41844922
21070,,0.38247287
21072,,0.4462717
21079,,0.38976383
21090,,0.37809092
21093,,0.40144032
21104,,0.2868704
21114,,0.37696162
21117,,0.39552358
21120,,0.33430633
21121,,0.3857645
21132,,0.24494861
21136,,0.38424605
21139,,0.4407938
21140,,0.38783038
21146,,0.39048898
21150,,0.3296026
21178,,0.6689535
21180,,0.5692341
21198,,0.39584583
21203,,0.406758
21210,,0.41377398
21218,,0.38149348
21220,,0.38301775
21222,,0.2129711
21228,,0.58346355
21236,,0.42144227
21239,,0.31413087
21260,,0.39762765
21267,,0.36133564
21271,,0.32252663
21279,,0.42534187
21286,,0.3255815
21288,,0.38720456
21294,,0.38300565
21298,,0.2942111
21299,,0.38855654
21300,,0.54935443
21304,,0.33779472
21307,,0.44185936
21309,,0.23488969
21311,,0.4024683
21331,,0.3265667
21332,,0.6332321
21342,,0.37233877
21345,,0.4091951
21348,,0.5656654
21353,,0.3888571
21357,,0.4142504
21369,,0.3835456
21370,,0.54979706
21371,,0.39950228
21373,,0.18345587
21385,,0.3818366
21392,,0.4339991
21401,,0.52173215
21403,,0.3902189
21406,,0.60736084
21413,,0.5238979
21414,,0.633896
21416,,0.6522029
21423,,0.536615
21442,,0.514237
21443,,0.38143528
21448,,0.3667784
21459,,0.40788236
21467,,0.37811393
21474,,0.37019345
21484,,0.5661299
21488,,0.34622082
21495,,0.3043461
21498,,0.37121102
21502,,0.37805054
21503,,0.3756281
21510,,0.4315941
21516,,0.5569366
21533,,0.5592449
21535,,0.38197404
21539,,0.4054029
21541,,0.37784234
21544,,0.39928237
21554,,0.3668991
21569,,0.36194682
21572,,0.53265786
21578,,0.40876532
21580,,0.3908163
21584,,0.29466474
21589,,0.5332474
21595,,0.36805782
21598,,0.3227479
21599,,0.33016372
21606,,0.36422798
21623,,0.37314618
21639,,0.38288453
21641,,0.3308116
21645,,0.3125496
21647,,0.3478851
21648,,0.34258395
21657,,0.36275193
21671,,0.37170327
21673,,0.34852073
21678,,0.34837034
21696,,0.40528607
21699,,0.3661977
21700,,0.32338646
21703,,0.40176827
21710,,0.3960047
21721,,0.3871439
21727,,0.32045797
21728,,0.36802164
21731,,0.3794875
21741,,0.3628685
21744,,0.39118415
21748,,0.34808287
21753,,0.3633059
21756,,0.51403713
21763,,0.36950982
21767,,0.39684725
21772,,0.6098055
21774,,0.336661
21775,,0.37654874
21780,,0.4293139
21787,,0.353879
21805,,0.334232
21828,,0.41163808
21831,,0.37488753
21837,,0.31314185
21842,,0.3658564
21849,,0.34356403
21856,,0.3407923
21858,,0.39838946
21862,,0.32878655
21864,,0.34837675
21867,,0.37776005
21879,,0.3701263
21881,,0.3598395
21883,,0.37672704
21891,,0.3567317
21892,,0.4221204
21902,,0.40334043
21909,,0.37062532
21914,,0.42321107
21918,,0.2934892
21919,,0.31412935
21926,,0.4800893
21930,,0.40182716
21934,,0.42847893
21940,,0.35299677
21945,,0.42270628
21948,,0.5722542
21953,,0.34171644
21954,,0.42842212
21956,,0.40813944
21963,,0.47398686
21970,,0.37382495
21984,,0.34603608
21997,,0.360301
21999,,0.44269747
22001,,0.34225896
22002,,0.40740025
22010,,0.34498423
22013,,0.34335968
22022,,0.35396948
22024,,0.32891297
22028,,0.3143862
22029,,0.5427107
22045,,0.34999347
22049,,0.35216466
22064,,0.41466877
22069,,0.3358839
22074,,0.38464355
22082,,0.3105014
22084,,0.45808393
22090,,0.61792284
22096,,0.44734773
22100,,0.32506213
22105,,0.31177777
22119,,0.40723738
22130,,0.34424093
22152,,0.3976201
22155,,0.3932906
22164,,0.2281714
22173,,0.40660006
22194,,0.35039297
22209,,0.3155599
22217,,0.27184644
22220,,0.43249726
22222,,0.60384774
22244,,0.2758111
22245,,0.36544412
22250,,0.36137044
22256,,0.6199607
22261,,0.5619761
22264,,0.3951627
22270,,0.3940829
22279,,0.55584145
22280,,0.3183945
22284,,0.33867165
22288,,0.38470048
22293,,0.37654018
22297,,0.92181015
22307,,0.50084615
22310,,0.28416997
22319,,0.38339186
22324,,0.3048377
22326,,0.34556636
22327,,0.27935392
22329,,0.36555365
22331,,0.455961
22340,,0.549927
22342,,0.4108821
22347,,0.376848
22351,,0.387433
22357,,0.36664215
22361,,0.3611419
22371,,0.3691244
22373,,0.47157872
22391,,0.47821411
22404,,0.4178849
22409,,0.6496976
22411,,0.37522838
22428,,0.37272748
22436,,0.37470245
22444,,0.39317718
22445,,0.35663462
22451,,0.34427062
22463,,0.30722427
22464,,0.32268053
22467,,0.6117404
22472,,0.35230005
22485,,0.5836574
22497,,0.38700968
22504,,0.6104652
22508,,0.37725666
22516,,0.32276553
22522,,0.29752445
22527,,0.4135453
22543,,0.42382932
22549,,0.31588763
22551,,0.46633586
22557,,0.3471226
22562,,0.3168662
22567,,0.3648208
22572,,0.37319472
22575,,0.35344255
22578,,0.3823356
22579,,0.36417723
22580,,0.3242108
22581,,0.31467485
22591,,0.44502833
22593,,0.27500957
22597,,0.3593625
22600,,0.6324115
22602,,0.3765601
22603,,0.36515296
22616,,0.43355492
22617,,0.33922487
22622,,0.2109823
22623,,0.35655698
22624,,0.54889035
22628,,0.36839885
22640,,0.36047068
22641,,0.34472135
22653,,0.4108425
22660,,0.40338317
22672,,0.4095547
22674,,0.38549957
22689,,0.3959059
22698,,0.32502237
22705,,0.3805318
22709,,0.59291434
22711,,0.33056965
22714,,0.54651004
22715,,0.3269381
22729,,0.37807578
22730,,0.36653066
22733,,0.33436587
22750,,0.19779168
22754,,0.39581794
22756,,0.40077454
22758,,0.4937532
22767,,0.4086516
22768,,0.26596567
22769,,0.41844305
22776,,0.42431453
22778,,0.33599135
22780,,0.45291075
22789,,0.41483384
22797,,0.4192397
22799,,0.41110036
22814,,0.3308539
22818,,0.37908992
22821,,0.38837048
22823,,0.4065734
22841,,0.23825993
22847,,0.33486044
22848,,0.37861672
22862,,0.33772624
22875,,0.59466016
22877,,0.43991423
22887,,0.38794628
22892,,0.4119959
22899,,0.41686228
22901,,0.35405684
22907,,0.415129
22909,,0.58229023
22926,,0.34586132
22927,,0.38196084
22930,,0.38062686
22934,,0.39085215
22937,,0.3624079
22939,,0.5422202
22949,,0.34107015
22951,,0.5902493
22955,,0.31945086
22965,,0.93217206
22966,,0.567592
22968,,0.92062056
22972,,0.5711781
22975,,0.56256783
22981,,0.4086423
22988,,0.56238395
22994,,0.35155952
22996,,0.58991575
23011,,0.54472977
23028,,0.5710837
23031,,0.36038896
23035,,0.31788006
23038,,0.5838783
23042,,0.52207863
23049,,0.42571133
23051,,0.93082374
23053,,0.25720966
23057,,0.5847662
23058,,0.5875882
23063,,0.3612906
23064,,0.37402356
23067,,0.43506703
23071,,0.3905222
23075,,0.50553846
23077,,0.5874327
23090,,0.35993612
23094,,0.58877105
23097,,0.3498466
23103,,0.34915137
23107,,0.54526645
23117,,0.34169117
23122,,0.38107377
23124,,0.2923118
23126,,0.5139128
23129,,0.57055956
23136,,0.5637814
23141,,0.3351723
23142,,0.58313346
23147,,0.35125872
23154,,0.5718057
23159,,0.41186118
23165,,0.5643987
23171,,0.5359915
23173,,0.06758786
23175,,0.34319338
23179,,0.93606496
23182,,0.6281884
23185,,0.6222111
23188,,0.35289317
23189,,0.3608953
23209,,0.33704218
23214,,0.5139128
23215,,0.37064853
23233,,0.38632122
23241,,0.5577242
23252,,0.44942954
23255,,0.56750846
23263,,0.35769033
23281,,0.3190864
23282,,0.41456744
23289,,0.4003987
23292,,0.4041615
23296,,0.36967823
23297,,0.39026648
23301,,0.37795845
23302,,0.36288226
23304,,0.37588713
23309,,0.42150402
23312,,0.58415633
23316,,0.35798603
23321,,0.43675488
23342,,0.32957304
23344,,0.35394734
23350,,0.3817641
23367,,0.6052899
23368,,0.3502819
23374,,0.31708664
23387,,0.37568182
23389,,0.92579275
23399,,0.37894595
23403,,0.35611278
23406,,0.9108779
23414,,0.45565784
23415,,0.2944745
23419,,0.5780059
23436,,0.3863404
23439,,0.9229932
23444,,0.5635877
23445,,0.3457156
23455,,0.3958621
23469,,0.3133163
23472,,0.32325122
23477,,0.31874415
23478,,0.5467577
23479,,0.37811407
23487,,0.34487322
23490,,0.3796164
23491,,0.40325096
23492,,0.37949952
23494,,0.40857923
23496,,0.3895051
23497,,0.35773554
23506,,0.37284982
23515,,0.39657718
23528,,0.29174238
23532,,0.33248785
23549,,0.26627624
23551,,0.37486255
23552,,0.3740145
23555,,0.3351835
23556,,0.34595743
23564,,0.57590973
23583,,0.37443733
23592,,0.53405863
23597,,0.93068475
23601,,0.35131186
23605,,0.5504121
23615,,0.31493115
23619,,0.38989726
23621,,0.9261152
23626,,0.56980366
23635,,0.574382
23637,,0.38713112
23640,,0.3388608
23646,,0.35835782
23655,,0.330675
23672,,0.36819988
23673,,0.3665375
23682,,0.3603523
23683,,0.5579052
23699,,0.338446
23704,,0.50205433
23707,,0.93298125
23713,,0.39327982
23714,,0.38362598
23716,,0.5193472
23718,,0.5018426
23721,,0.29479793
23735,,0.3706725
23737,,0.39296824
23744,,0.3654672
23749,,0.5620755
23755,,0.49181527
23769,,0.58001226
23772,,0.5410557
23773,,0.16724071
23774,,0.5694402
23779,,0.2496192
23782,,0.57755405
23793,,0.35131207
23803,,0.92124176
23828,,0.54112554
23833,,0.5575289
23834,,0.38108578
23844,,0.35778815
23845,,0.5679449
23852,,0.3850069
23855,,0.5472246
23867,,0.35881138
23872,,0.5538099
23874,,0.5459916
23880,,0.25663346
23886,,0.34341758
23898,,0.36174363
23900,,0.31316397
23903,,0.20043766
23907,,0.3789964
23908,,0.38054487
23912,,0.30971047
23916,,0.37440023
23917,,0.5348069
23918,,0.3394912
23922,,0.36951384
23928,,0.36551788
23940,,0.5139234
23944,,0.28386718
23945,,0.5151431
23951,,0.2955666
23966,,0.38338915
23970,,0.3846665
23971,,0.37570584
23976,,0.5306148
23980,,0.35972726
23987,,0.93215686
23988,,0.38595632
23993,,0.34898528
23997,,0.37320036
23998,,0.34036532
23999,,0.92974627
24010,,0.5596637
24015,,0.57307774
24023,,0.34207186
24033,,0.38463637
24046,,0.56903875
24060,,0.34099737
24062,,0.425254
24065,,0.5306148
24070,,0.3575202
24071,,0.24129464
24073,,0.39672542
24079,,0.34564182
24082,,0.9258278
24084,,0.38882086
24089,,0.35140383
24094,,0.37000182
24100,,0.3704099
24105,,0.32205322
24106,,0.30028045
24108,,0.559246
24111,,0.9209818
24120,,0.5150697
24125,,0.35164165
24134,,0.5558346
24140,,0.40150642
24151,,0.40605417
24153,,0.28155044
24154,,0.54233146
24161,,0.33954036
24166,,0.3378584
24170,,0.51659155
24176,,0.39057073
24182,,0.9264788
24188,,0.3242249
24190,,0.3551069
24201,,0.92673105
24211,,0.35367715
24215,,0.5818566
24216,,0.9256827
24219,,0.37928936
24222,,0.53946495
24240,,0.93014413
24243,,0.37390593
24245,,0.3457685
24251,,0.29911494
24256,,0.93494
24258,,0.39282057
24261,,0.4140454
24263,,0.35430124
24264,,0.38940907
24266,,0.37212336
24273,,0.39239177
24278,,0.37343663
24289,,0.9229287
24292,,0.3440525
24293,,0.37904978
24298,,0.9212225
24299,,0.42083493
24303,,0.53279805
24304,,0.41122684
24305,,0.40136075
24329,,0.3799943
24341,,0.37723425
24345,,0.5873717
24353,,0.4184134
24358,,0.93470496
24364,,0.5220864
24367,,0.4902511
24370,,0.5482828
24377,,0.40374205
24380,,0.3886693
24381,,0.3780591
24387,,0.34800306
24391,,0.40061617
24409,,0.93188137
24413,,0.39807275
24416,,0.35900205
24427,,0.6338896
24439,,0.2473584
24443,,0.3958406
24448,,0.38025424
24454,,0.92076254
24455,,0.3371098
24461,,0.3912199
24464,,0.4371646
24468,,0.3234831
24469,,0.40730265
24501,,0.40868452
24508,,0.37173343
24519,,0.38923517
24520,,0.9315198
24538,,0.57024395
24540,,0.5846142
24550,,0.3574414
24552,,0.407895
24561,,0.44743553
24577,,0.39001602
24579,,0.36717215
24580,,0.38033667
24582,,0.3689056
24591,,0.37027943
24592,,0.39610586
24599,,0.39727107
24602,,0.32828888
24606,,0.36606655
24617,,0.40648767
24619,,0.384387
24630,,0.15815885
24633,,0.9186765
24634,,0.42740807
24638,,0.39137763
24641,,0.3690478
24644,,0.42537338
24645,,0.91965586
24656,,0.39014488
24661,,0.34349343
24663,,0.5940225
24667,,0.4118622
24669,,0.56502545
24682,,0.41859597
24698,,0.390708
24699,,0.5678113
24702,,0.39327502
24703,,0.58797306
24717,,0.39931872
24724,,0.92204916
24731,,0.40007472
24737,,0.41902453
24740,,0.52772164
24743,,0.43943128
24744,,0.9244573
24755,,0.5829217
24757,,0.4055135
24765,,0.56777835
24766,,0.29003632
24776,,0.61930937
24787,,0.91378015
24789,,0.5336258
24791,,0.16721186
24792,,0.42883772
24804,,0.07204601
24812,,0.4131143
24816,,0.4349278
24817,,0.43943128
24820,,0.38143894
24828,,0.4634753
24832,,0.3445929
24836,,0.44002414
24842,,0.5873717
24846,,0.4165798
24847,,0.36060205
24848,,0.9230096
24851,,0.5846142
24855,,0.58345276
24856,,0.41821057
24871,,0.5968323
24874,,0.43925512
24877,,0.37914702
24889,,0.36763108
24897,,0.4438471
24899,,0.5860575
24908,,0.41041788
24913,,0.60005885
24923,,0.40231317
24933,,0.3910361
24971,,0.38685903
24973,,0.89663285
24993,,0.625223
24998,,0.56502545
25000,,0.93066764
25001,,0.9304296
25002,,0.3920616
25003,,0.93066764
25009,,0.34375
25024,,0.37335515
25026,,0.39210418
25027,,0.909966
25034,,0.43162563
25050,,0.3648544
25057,,0.3177403
25067,,0.35855493
25075,,0.36717886
25081,,0.40085468
25085,,0.41062576
25093,,0.37584594
25097,,0.40415838
25103,,0.4005548
25104,,0.6524857
25109,,0.40393826
25112,,0.4382288
25113,,0.3655472
25114,,0.44479817
25119,,0.417382
25121,,0.43066108
25122,,0.46076903
25124,,0.56078964
25131,,0.39213717
25134,,0.42868677
25144,,0.41346198
25147,,0.5901885
25148,,0.5837142
25149,,0.45720097
25155,,0.5863484
25169,,0.45306015
25177,,0.56167233
25178,,0.39767775
25179,,0.40732804
25180,,0.5711165
25191,,0.5298701
25199,,0.42015958
25232,,0.53666323
25241,,0.40796408
25242,,0.42555016
25243,,0.4120802
25246,,0.42501894
25259,,0.5738067
25265,,0.58789784
25278,,0.58590364
25280,,0.4179402
25284,,0.37521538
25286,,0.5901885
25288,,0.42657304
25318,,0.9217173
25330,,0.5516041
25333,,0.38330784
25339,,0.3472341
25340,,0.56953853
25346,,0.35765493
25349,,0.5110252
25351,,0.32988045
25361,,0.53979754
25366,,0.36045277
25368,,0.92864025
25369,,0.35597545
25370,,0.3677854
25375,,0.11989821
25376,,0.58798575
25377,,0.35356653
25379,,0.3813252
25382,,0.5888651
25386,,0.5873717
25389,,0.5833884
25399,,0.40447336
25400,,0.87827396
25401,,0.41409847
25407,,0.43176106
25409,,0.42643148
25412,,0.5278835
25416,,0.40097418
25418,,0.41036925
25423,,0.35265622
25436,,0.39996448
25439,,0.323364
25442,,0.346198
25445,,0.9161463
25446,,0.39340618
25453,,0.34795305
25456,,0.5675414
25458,,0.4121833
25460,,0.3937255
25461,,0.39191195
25468,,0.41399154
25470,,0.36791953
25471,,0.47778445
25482,,0.39633837
25501,,0.93364304
25504,,0.563257
25515,,0.39837593
25518,,0.46163166
25528,,0.4070112
25533,,0.41207242
25543,,0.3817028
25548,,0.38453552
25564,,0.39299312
25572,,0.60776085
25576,,0.3428252
25577,,0.39239267
25587,,0.32334676
25591,,0.42652774
25596,,0.41130635
25598,,0.4355246
25617,,0.35750774
25618,,0.92505705
25620,,0.41697907
25623,,0.3931149
25626,,0.41566703
25628,,0.3833595
25633,,0.55747455
25637,,0.39878234
25644,,0.41252655
25662,,0.3699781
25663,,0.5451243
25673,,0.40478325
25678,,0.3937671
25685,,0.37987715
25691,,0.42188144
25706,,0.40009913
25707,,0.3959693
25723,,0.40576443
25725,,0.3550008
25735,,0.540602
25740,,0.36916026
25759,,0.37718987
25761,,0.43572757
25769,,0.31823477
25774,,0.42914873
25779,,0.5809924
25781,,0.4116165
25784,,0.8835133
25790,,0.93194485
25796,,0.40762094
25816,,0.36305982
25847,,0.40733704
25850,,0.41645673
25852,,0.39999467
25856,,0.3353643
25866,,0.40166485
25867,,0.5900468
25868,,0.36808634
25869,,0.58724165
25877,,0.62974864
25878,,0.39056277
25890,,0.5618077
25898,,0.9252902
25899,,0.3695082
25906,,0.9243692
25907,,0.58771884
25915,,0.92890024
25932,,0.5930858
25939,,0.41586885
25946,,0.5942638
25951,,0.5612886
25959,,0.5923222
25961,,0.33447385
25964,,0.4080066
25969,,0.3871191
25980,,0.38984838
25986,,0.42246136
25992,,0.35736617
25998,,0.41545355
26000,,0.34275898
26006,,0.41540435
26009,,0.4205629
26016,,0.5847726
26023,,0.9382502
26038,,0.5812615
26041,,0.43650067
26050,,0.42289326
26051,,0.9294564
26057,,0.41460943
26060,,0.14398241
26062,,0.4570004
26067,,0.93184215
26068,,0.3676794
26072,,0.42653286
26074,,0.4141011
26075,,0.34245518
26081,,0.57932323
26108,,0.5833295
26112,,0.9336631
26113,,0.39050815
26115,,0.5022902
26122,,0.40473315
26139,,0.2987835
26162,,0.52318925
26165,,0.4102476
26173,,0.37406552
26177,,0.51129735
26179,,0.36271292
26184,,0.251162
26190,,0.39128423
26204,,0.3992398
26205,,0.045798335
26212,,0.43813562
26215,,0.3812351
26227,,0.43357787
26232,,0.63087404
26237,,0.58910906
26246,,0.4401237
26248,,0.59398305
26249,,0.422729
26260,,0.57417583
26263,,0.38809577
26267,,0.8967371
26269,,0.40538847
26271,,0.5795054
26273,,0.3416691
26286,,0.5406881
26297,,0.4227863
26309,,0.37826344
26313,,0.3695082
26319,,0.4179691
26329,,0.42432803
26330,,0.57832134
26333,,0.39629203
26361,,0.88477755
26366,,0.6404681
26376,,0.9227043
26378,,0.5704276
26382,,0.40218666
26389,,0.4129569
26391,,0.4242969
26401,,0.44810706
26415,,0.3700313
26419,,0.42621592
26421,,0.89931965
26422,,0.41621467
26423,,0.5597864
26424,,0.4920355
26441,,0.4466838
26442,,0.40723848
26446,,0.40671518
26447,,0.3465305
26448,,0.40058336
26451,,0.40006647
26459,,0.40534067
26465,,0.29072556
26476,,0.41321605
26481,,0.3828108
26487,,0.9078367
26501,,0.41979033
26513,,0.5726068
26517,,0.44065666
26527,,0.5755516
26534,,0.5767441
26535,,0.90375376
26545,,0.35235992
26550,,0.41786125
26558,,0.45700938
26571,,0.5884321
26573,,0.59117436
26575,,0.39640737
26578,,0.5548539
26583,,0.57658905
26590,,0.34853485
26593,,0.44259614
26602,,0.41127273
26606,,0.45986328
26613,,0.6066714
26615,,0.41720238
26618,,0.41106048
26628,,0.910979
26630,,0.42047915
26635,,0.44678923
26645,,0.3625909
26648,,0.28507254
26651,,0.31373656
26660,,0.41772008
26663,,0.3976322
26664,,0.4138913
26665,,0.40049216
26673,,0.41322985
26675,,0.36406076
26676,,0.49121103
26677,,0.40667772
26679,,0.52579623
26687,,0.46718925
26689,,0.5669635
26697,,0.5111302
26737,,0.5832494
26747,,0.91546446
26748,,0.3977147
26749,,0.44533357
26754,,0.9164901
26759,,0.38339835
26760,,0.5623099
26765,,0.39579532
26769,,0.40024048
26771,,0.32026714
26776,,0.3991651
26778,,0.4134489
26780,,0.37924895
26783,,0.23589231
26785,,0.43175822
26800,,0.4066138
26804,,0.42727873
26812,,0.34843677
26816,,0.25388044
26823,,0.57938564
26834,,0.5783449
26836,,0.4054232
26841,,0.38584188
26845,,0.40217036
26849,,0.42224276
26854,,0.4316622
26858,,0.42125925
26860,,0.24514641
26866,,0.36153543
26871,,0.2814253
26873,,0.4645268
26905,,0.43380478
26907,,0.41880387
26920,,0.42016628
26924,,0.23758377
26930,,0.41473788
26942,,0.3769769
26944,,0.34634358
26949,,0.57654786
26952,,0.91982305
26956,,0.4235163
26973,,0.42270592
26977,,0.40194055
26993,,0.4096321
26997,,0.41617525
26999,,0.3846005
27021,,0.39665896
27023,,0.4012352
27025,,0.05683552
27027,,0.41021678
27032,,0.5711398
27034,,0.4221487
27036,,0.38773757
27045,,0.34655496
27050,,0.4220727
27051,,0.35700738
27055,,0.40431803
27056,,0.39328346
27060,,0.4168268
27061,,0.57391393
27066,,0.5529875
27070,,0.3115026
27073,,0.2519902
27077,,0.41321605
27085,,0.40972075
27086,,0.3790222
27099,,0.58979213
27105,,0.57824683
27109,,0.34118947
27125,,0.40157902
27135,,0.4444482
27139,,0.31729665
27140,,0.89378875
27141,,0.37456125
27142,,0.32968405
27144,,0.2906101
27148,,0.404698
27154,,0.442751
27162,,0.5395653
27175,,0.37545708
27176,,0.37766558
27178,,0.5105277
27197,,0.33962578
27204,,0.33791643
27205,,0.3462685
27206,,0.24548163
27207,,0.360737
27216,,0.35404673
27230,,0.36724934
27234,,0.42239535
27241,,0.39940766
27249,,0.9173188
27251,,0.42224985
27252,,0.41633356
27256,,0.5497508
27257,,0.44022667
27263,,0.41311064
27268,,0.4225747
27269,,0.35942677
27276,,0.34205815
27279,,0.5378971
27288,,0.5677017
27295,,0.4265272
27299,,0.56172854
27302,,0.35096803
27304,,0.3466395
27316,,0.3608647
27318,,0.2915232
27330,,0.39539087
27333,,0.37624675
27335,,0.38693485
27339,,0.36677116
27341,,0.5322372
27342,,0.3502509
27345,,0.3910116
27347,,0.36580467
27354,,0.42464486
27361,,0.2977085
27375,,0.52413493
27387,,0.55080414
27390,,0.49994135
27392,,0.9102634
27399,,0.4118219
27403,,0.3940752
27410,,0.64627606
27423,,0.41900137
27429,,0.41342026
27432,,0.5445223
27436,,0.38774118
27437,,0.42350528
27441,,0.42208284
27444,,0.5168144
27445,,0.3030819
27448,,0.5039174
27454,,0.4223284
27459,,0.3617174
27465,,0.3422394
27478,,0.91210574
27479,,0.41039652
27481,,0.55508703
27483,,0.3736854
27486,,0.35649154
27498,,0.3860826
27505,,0.38517493
27507,,0.36643356
27509,,0.35640356
27514,,0.32188854
27527,,0.57554746
27535,,0.39275822
27544,,0.4345956
27545,,0.34253818
27556,,0.42772326
27563,,0.381837
27569,,0.39846447
27585,,0.3659033
27589,,0.27593413
27605,,0.35592142
27608,,0.56598383
27609,,0.33464494
27611,,0.39612955
27621,,0.3449069
27626,,0.5168287
27629,,0.37486073
27645,,0.5798031
27651,,0.3115336
27654,,0.39632204
27656,,0.5013253
27663,,0.47728547
27673,,0.32344505
27677,,0.36200923
27678,,0.325018
27680,,0.41229457
27681,,0.55805993
27684,,0.38458073
27688,,0.39762112
27706,,0.4027085
27709,,0.35442874
27720,,0.38794214
27722,,0.3822477
27733,,0.4070962
27734,,0.31454915
27739,,0.36822596
27746,,0.54738027
27751,,0.9218453
27755,,0.38333708
27777,,0.40054685
27783,,0.33132356
27795,,0.41446078
27805,,0.38673767
27811,,0.44098574
27815,,0.44337514
27823,,0.39914098
27856,,0.41853124
27873,,0.4437084
27883,,0.39487037
27885,,0.52870685
27887,,0.5663552
27899,,0.4192755
27921,,0.40479878
27924,,0.38627985
27927,,0.40374842
27929,,0.38512075
27932,,0.3398209
27943,,0.6137904
27945,,0.614813
27952,,0.35603264
27957,,0.4694287
27960,,0.38206986
27966,,0.43618247
27968,,0.61001414
27980,,0.5741775
27984,,0.4043851
27994,,0.42748508
27995,,0.60526294
28002,,0.5363283
28004,,0.5871586
28006,,0.4149451
28028,,0.4316594
28042,,0.58938766
28043,,0.5935066
28055,,0.4302913
28061,,0.57022357
28063,,0.389937
28077,,0.41959095
28090,,0.55823356
28093,,0.39068547
28095,,0.3637283
28096,,0.46340483
28098,,0.9256862
28099,,0.45145595
28111,,0.34734285
28115,,0.3819519
28123,,0.39790848
28125,,0.41621637
28126,,0.5887753
28129,,0.56962323
28131,,0.3501154
28139,,0.365304
28146,,0.44658378
28153,,0.41924635
28155,,0.39210474
28160,,0.44979748
28166,,0.40853378
28167,,0.42162454
28176,,0.45351857
28185,,0.4039306
28187,,0.55823356
28195,,0.59041506
28203,,0.3505501
28206,,0.44267538
28209,,0.44265464
28210,,0.32823992
28211,,0.36860794
28216,,0.40442783
28234,,0.42024457
28235,,0.59041506
28248,,0.3649756
28255,,0.4619186
28266,,0.41023844
28277,,0.35022208
28286,,0.43166676
28288,,0.39145795
28289,,0.41370445
28290,,0.40341207
28296,,0.3711353
28300,,0.51881295
28306,,0.45696217
28307,,0.36510614
28309,,0.3592851
28327,,0.45622307
28336,,0.40956584
28345,,0.36941814
28355,,0.49141076
28361,,0.3293599
28362,,0.38586777
28374,,0.41535008
28380,,0.43344125
28381,,0.5159395
28393,,0.43051276
28394,,0.39349523
28405,,0.4967538
28413,,0.37845343
28426,,0.5793771
28428,,0.45253026
28429,,0.5857585
28442,,0.42197016
28445,,0.4114051
28457,,0.8409261
28459,,0.52363074
28462,,0.43662432
28478,,0.40692794
28490,,0.4462731
28492,,0.4415848
28499,,0.3163158
28500,,0.57245624
28506,,0.58588445
28509,,0.39043733
28513,,0.4091651
28516,,0.4102921
28519,,0.92927045
28526,,0.46720064
28527,,0.42166218
28528,,0.40475315
28533,,0.39900267
28547,,0.35072577
28551,,0.47297907
28563,,0.47713175
28566,,0.47503528
28568,,0.41250482
28580,,0.42111993
28589,,0.41385874
28590,,0.5945427
28606,,0.4597805
28613,,0.3651545
28615,,0.4520142
28619,,0.57562226
28629,,0.41598538
28633,,0.42312035
28635,,0.49931827
28646,,0.45077786
28648,,0.43874753
28651,,0.32510102
28660,,0.5442253
28681,,0.5656151
28693,,0.4209856
28696,,0.34751216
28703,,0.43616518
28709,,0.43620872
28712,,0.55462754
28718,,0.3841498
28719,,0.35223463
28727,,0.46040264
28730,,0.47905463
28732,,0.57415044
28740,,0.38420412
28747,,0.5962424
28752,,0.526682
28757,,0.49858388
28764,,0.45017627
28765,,0.36857203
28770,,0.5839769
28772,,0.5060904
28783,,0.42329913
28786,,0.45500723
28796,,0.34875527
28799,,0.45120084
28806,,0.4626474
28807,,0.36765346
28815,,0.44976875
28818,,0.41469398
28823,,0.42202696
28824,,0.41365445
28831,,0.91510844
28834,,0.34731182
28841,,0.41967893
28848,,0.58765125
28882,,0.35128462
28884,,0.36689872
28904,,0.46762297
28907,,0.45187697
28919,,0.46918115
28920,,0.45462012
28928,,0.42696032
28935,,0.12873596
28936,,0.31134605
28945,,0.31007388
28950,,0.6719253
28957,,0.581375
28963,,0.3012359
28974,,0.55200255
28980,,0.44305012
28988,,0.44638404
28999,,0.39282316
29001,,0.4518021
29004,,0.21978831
29006,,0.3907162
29012,,0.44621277
29018,,0.5904884
29027,,0.35945106
29030,,0.23686008
29032,,0.3965678
29039,,0.3553436
29043,,0.60164744
29056,,0.4594684
29064,,0.58666295
29068,,0.3081767
29069,,0.30145305
29074,,0.41442236
29076,,0.35273176
29085,,0.31042987
29088,,0.5607325
29091,,0.3582047
29092,,0.4433605
29093,,0.35144058
29094,,0.422145
29108,,0.49964294
29114,,0.44486126
29115,,0.43892452
29118,,0.43687046
29125,,0.3801575
29127,,0.5857749
29150,,0.37357304
29152,,0.29854152
29155,,0.49114776
29165,,0.4408591
29167,,0.585385
29174,,0.5951289
29180,,0.424778
29185,,0.4608394
29190,,0.42470968
29192,,0.9344353
29194,,0.4058087
29220,,0.4041213
29231,,0.45707232
29237,,0.4511409
29240,,0.3055726
29247,,0.45488855
29256,,0.34018984
29275,,0.4365317
29278,,0.44547138
29280,,0.4336131
29286,,0.4096052
29288,,0.45204666
29305,,0.45020792
29327,,0.51169866
29329,,0.38841945
29333,,0.4209659
29335,,0.3969502
29342,,0.908012
29344,,0.35716817
29353,,0.4196375
29358,,0.40334028
29373,,0.33016396
29392,,0.59349495
29393,,0.44186482
29395,,0.8351298
29403,,0.46409267
29405,,0.44955105
29410,,0.4038571
29423,,0.4090261
29427,,0.64845186
29429,,0.40445435
29432,,0.3916357
29440,,0.64605707
29447,,0.42394242
29448,,0.33328888
29452,,0.46608996
29455,,0.3761479
29461,,0.45986405
29466,,0.3813665
29474,,0.43991944
29476,,0.376792
29486,,0.38470486
29494,,0.44373482
29497,,0.4306015
29505,,0.46415663
29511,,0.59090036
29516,,0.571209
29522,,0.4384137
29523,,0.46555972
29524,,0.45998165
29529,,0.46483418
29533,,0.33783817
29535,,0.44796735
29548,,0.45830923
29551,,0.384006
29563,,0.2648225
29574,,0.5419892
29575,,0.36127096
29592,,0.38102013
29599,,0.4281328
29608,,0.35819837
29613,,0.58066636
29620,,0.46052018
29630,,0.56498134
29637,,0.3593257
29638,,0.51075107
29643,,0.4532931
29648,,0.37412342
29657,,0.4218307
29659,,0.41273427
29662,,0.4247585
29665,,0.40486053
29699,,0.54217434
29706,,0.4180928
29715,,0.47562274
29716,,0.42329705
29717,,0.49005553
29721,,0.47167554
29731,,0.5083234
29735,,0.45068392
29739,,0.3360318
29742,,0.46073037
29747,,0.92039573
29749,,0.539973
29754,,0.9212277
29773,,0.47219306
29777,,0.37837976
29779,,0.31445634
29783,,0.4245956
29786,,0.4097679
29805,,0.49709144
29811,,0.4304721
29812,,0.41396594
29815,,0.45356438
29819,,0.4519699
29833,,0.4519948
29847,,0.47308874
29854,,0.55548984
29856,,0.30988288
29859,,0.3352032
29864,,0.44698668
29865,,0.44509503
29867,,0.46298262
29885,,0.42628846
29894,,0.43663603
29900,,0.42966124
29910,,0.49975336
29928,,0.3545921
29942,,0.34206122
29951,,0.46861
29953,,0.50794286
29962,,0.4335793
29968,,0.3565297
29974,,0.48006946
29980,,0.45730177
29987,,0.28107125
29993,,0.37980896
30001,,0.46505097
30005,,0.40231457
30015,,0.36936536
30034,,0.26281115
30041,,0.45528996
30044,,0.47653013
30058,,0.25504026
30061,,0.5530088
30064,,0.59645367
30065,,0.4120891
30069,,0.37182295
30074,,0.3849087
30076,,0.40909702
30080,,0.48288718
30086,,0.43136004
30087,,0.41012973
30092,,0.3554242
30093,,0.57767737
30096,,0.45358753
30097,,0.5924141
30098,,0.4549486
30102,,0.6136745
30106,,0.38936356
30110,,0.4547758
30111,,0.8572247
30122,,0.38932088
30128,,0.34037846
30130,,0.43074948
30131,,0.3809931
30132,,0.5587652
30135,,0.4190577
30137,,0.92429596
30157,,0.5875073
30158,,0.42535108
30162,,0.442785
30170,,0.5568863
30174,,0.45299986
30195,,0.56725556
30196,,0.40747795
30204,,0.44221187
30207,,0.9248432
30209,,0.5689183
30212,,0.4095449
30221,,0.41054893
30225,,0.5522072
30229,,0.46965492
30231,,0.42772615
30233,,0.47453222
30237,,0.5896542
30239,,0.5446145
30242,,0.57630974
30244,,0.3277779
30249,,0.42150718
30262,,0.41487807
30286,,0.3732073
30292,,0.39646342
30303,,0.32339883
30320,,0.37350258
30322,,0.45545608
30355,,0.4535184
30356,,0.4292157
30372,,0.4579345
30375,,0.38467225
30379,,0.41319063
30384,,0.44958416
30386,,0.45523036
30394,,0.44429877
30395,,0.4301996
30396,,0.34049124
30397,,0.38550568
30402,,0.467271
30413,,0.46030498
30416,,0.43550417
30420,,0.43045425
30422,,0.46692997
30432,,0.32251558
30434,,0.45703372
30438,,0.46289188
30444,,0.35894495
30446,,0.52906674
30455,,0.40998733
30457,,0.4768106
30459,,0.45243293
30463,,0.56819034
30468,,0.4660654
30477,,0.43066117
30478,,0.443786
30481,,0.42619592
30482,,0.3481209
30487,,0.48213306
30491,,0.45366597
30496,,0.6130311
30501,,0.3868534
30506,,0.39574805
30511,,0.358169
30513,,0.41086566
30516,,0.4287686
30520,,0.45576698
30531,,0.4282537
30542,,0.8866324
30555,,0.3738041
30557,,0.44487333
30568,,0.5224299
30570,,0.8536634
30584,,0.37395927
30594,,0.60486937
30614,,0.4260825
30617,,0.40943176
30618,,0.45137405
30631,,0.42855108
30632,,0.44638065
30634,,0.44443235
30636,,0.45276833
30637,,0.4471233
30639,,0.41481015
30647,,0.39854932
30649,,0.3838725
30656,,0.40272164
30660,,0.42048094
30665,,0.44449973
30669,,0.38686046
30681,,0.411249
30683,,0.4544323
30687,,0.4628083
30694,,0.51597625
